{"inceptionresnetv2": [0.8968918181183091, 0.7915532970550576, 0.9461627720870679], "resnet50": [1.2396427618098778, 0.7040252880921894, 0.8973271446862996], "nasnetmobile": [1.1653882577996248, 0.7289532650448144, 0.9103313060179258], "mobilenet": [1.305755784432195, 0.6921814980793854, 0.887483994878361], "vgg19": [1.3727502856456058, 0.6644326184379001, 0.8721790973111395], "vgg16": [1.3899296509929564, 0.6612516005121639, 0.8718189820742638], "densenet201": [1.035199410974903, 0.7542213508322664, 0.9262964148527529], "densenet121": [1.1568859719817983, 0.7271927016645326, 0.9101112355953905], "nasnetlarge": [0.8383743246485421, 0.816101152368758, 0.956145966709347], "inceptionv3": [1.025637962029014, 0.7623439500640204, 0.9304977592829705], "xception": [0.9754005737707648, 0.7749279769526248, 0.9375400128040973], "densenet169": [1.114523564158878, 0.7461987836107554, 0.922395166453265]}