{"inceptionresnetv2": [0.9090464803534495, 0.7876920614596671, 0.9446422855313701], "resnet50": [1.8001789321667405, 0.5949503841229193, 0.818541933418694], "nasnetmobile": [1.1761444208716614, 0.7266325224071702, 0.9096110755441741], "mobilenet": [1.935239136524298, 0.5757842509603073, 0.8031570102432779], "vgg19": [1.778480570691801, 0.5845270486555698, 0.8160411331626121], "vgg16": [1.9010022055934852, 0.5641205185659411, 0.7993758002560819], "densenet201": [1.2159932794934198, 0.7169894366197183, 0.9045694622279129], "densenet121": [1.5692930867211003, 0.6406450064020487, 0.8557938540332907], "nasnetlarge": [0.8441564100347316, 0.8150808258642765, 0.9562860115236875], "inceptionv3": [1.0568365600060257, 0.7555817861715749, 0.9266765364916774], "xception": [0.9908965859996219, 0.7743677976952625, 0.936739756722151], "densenet169": [1.42808971736251, 0.6837988156209988, 0.8840228873239436]}