{"inceptionresnetv2": [0.8963218308059873, 0.7891125160051217, 0.9446222791293214], "resnet50": [1.2624111265592783, 0.6995838668373879, 0.8944662291933418], "nasnetmobile": [1.1669610131260069, 0.7284130921895007, 0.9101712548015365], "mobilenet": [1.361854757908517, 0.6805177656850192, 0.8806017925736236], "vgg19": [4.78391751253956, 0.36453665172855315, 0.6205985915492958], "vgg16": [4.767397457445171, 0.41343229833546735, 0.6694542253521126], "densenet201": [1.051881886017002, 0.748259443021767, 0.9228153008962868], "densenet121": [1.1628411653786708, 0.7235315300896287, 0.9091309218950064], "nasnetlarge": [0.8347849892822027, 0.8160211267605634, 0.9562860115236875], "inceptionv3": [1.0288044591642982, 0.7593029769526248, 0.9289972791293214], "xception": [0.9773123181888907, 0.7750680217669654, 0.9374799935979513], "densenet169": [1.117119971371796, 0.7397967349551856, 0.9194542253521126]}