{"inceptionresnetv2": [0.8957253227847486, 0.7913532330345711, 0.9457426376440461], "resnet50": [1.2378694054488184, 0.7039452624839949, 0.8969870358514724], "nasnetmobile": [1.165572563832609, 0.7286731754161332, 0.9102312740076824], "mobilenet": [1.3103523745121632, 0.6907010243277849, 0.8868037772087067], "vgg19": [1.4504331642625885, 0.652588828425096, 0.866637323943662], "vgg16": [1.4788594593159214, 0.6501480473751601, 0.8636363636363636], "densenet201": [1.034912549808297, 0.753661171574904, 0.9261363636363636], "densenet121": [1.1562201676081756, 0.7274527848911652, 0.9097311139564661], "nasnetlarge": [0.837705632807656, 0.8159611075544174, 0.9561859795134443], "inceptionv3": [1.0256401054303563, 0.7623839628681178, 0.9305177656850192], "xception": [0.9754211804167715, 0.7749079705505761, 0.9374599871959027], "densenet169": [1.1120133280143543, 0.745758642765685, 0.921814980793854]}