{"inceptionresnetv2": [16.101648355110353, 0.0010003201024327785, 0.4996398847631242], "resnet50": [15.093187970785417, 0.002180697823303457, 0.11573703585147248], "nasnetmobile": [8.012729329122624, 0.0011603713188220231, 0.004961587708066581], "mobilenet": [8.582962628973888, 0.0010003201024327785, 0.005001600512163892], "vgg19": [1.9065659615508115, 0.592529609475032, 0.8229233354673495], "vgg16": [1.7223844893000038, 0.619538252240717, 0.8422895326504481], "densenet201": [15.370651221916404, 0.0015004801536491678, 0.6964228553137004], "densenet121": [9.410710455055579, 0.01458466709346991, 0.04935579385403329], "nasnetlarge": [1.9566204170869346, 0.6203585147247119, 0.8272847311139565], "inceptionv3": [10.599400735237229, 0.0013804417413572343, 0.005841869398207427], "xception": [2.0547497122907457, 0.5853072983354674, 0.8047775288092189], "densenet169": [9.573777092556337, 0.024947983354673495, 0.17509603072983354]}