{"inceptionresnetv2": [16.101972135477883, 0.0010003201024327785, 1.0], "resnet50": [11.950362603581974, 0.002880921895006402, 0.011223591549295775], "nasnetmobile": [7.470402455055149, 0.0010003201024327785, 0.00542173495518566], "mobilenet": [8.148580693404897, 0.0010003201024327785, 0.005161651728553137], "vgg19": [7.428035275121046, 0.0014604673495518567, 0.007622439180537772], "vgg16": [7.306168258877021, 0.0031410051216389243, 0.017505601792573624], "densenet201": [7.041054385572329, 0.0009603072983354673, 0.005841869398207427], "densenet121": [7.079961948907635, 0.002180697823303457, 0.007082266325224072], "nasnetlarge": [3.8502192738419456, 0.33566741357234314, 0.5300696222791293], "inceptionv3": [7.228440925192741, 0.0010603393085787452, 0.005041613316261203], "xception": [2.5717777254944725, 0.4985595390524968, 0.7270926696542894], "densenet169": [7.032624404653239, 0.0010603393085787452, 0.005441741357234315]}