{"inceptionresnetv2": [0.9049560959986321, 0.7891725352112676, 0.9449223751600512], "resnet50": [1.459783733806903, 0.6576304417413572, 0.8670974711907811], "nasnetmobile": [1.1706461891932616, 0.7271326824583867, 0.9099311779769527], "mobilenet": [1.6275286653893553, 0.6273607554417413, 0.8467909731113956], "vgg19": [1.4592021473238623, 0.6467069462227913, 0.8615957106274008], "vgg16": [1.5489253314753348, 0.6313620358514724, 0.8487716069142125], "densenet201": [1.2229307647627539, 0.7150288092189501, 0.9033290653008963], "densenet121": [1.3309220468646892, 0.6890004801536491, 0.8866037131882202], "nasnetlarge": [0.8412255971250094, 0.8156810179257362, 0.9563260243277849], "inceptionv3": [1.0366793295485415, 0.7596830985915493, 0.9293373879641486], "xception": [0.9849351481194686, 0.7748079385403329, 0.9369598271446863], "densenet169": [1.2726720506647333, 0.7148487516005122, 0.9034691101152369]}