{"inceptionresnetv2": [16.101972135477883, 0.0010003201024327785, 1.0], "resnet50": [15.165489611949262, 0.001860595390524968, 0.206726152368758], "nasnetmobile": [8.01151166285809, 0.0012403969270166453, 0.005001600512163892], "mobilenet": [9.45640121318314, 0.0010003201024327785, 0.005001600512163892], "vgg19": [2.0769116351912786, 0.5774447823303457, 0.8101592509603073], "vgg16": [1.9135906829113538, 0.5946302816901409, 0.8224231754161332], "densenet201": [15.645256283035962, 0.001300416133162612, 0.4959587067861716], "densenet121": [10.226407601799764, 0.008122599231754162, 0.03157010243277849], "nasnetlarge": [1.9811533033160944, 0.6177576824583867, 0.8258442701664532], "inceptionv3": [11.662692762367552, 0.0013204225352112676, 0.00614196542893726], "xception": [2.1260227763240684, 0.5747639244558259, 0.7987956145966709], "densenet169": [10.573213433181431, 0.011863796414852752, 0.16239196542893725]}