{"inceptionresnetv2": [0.8974149591562537, 0.7911931818181818, 0.946042733674776], "resnet50": [1.2393385724435237, 0.7044654289372599, 0.8968870038412292], "nasnetmobile": [1.1653879224567194, 0.7287532010243278, 0.9102112676056338], "mobilenet": [1.3034863998581596, 0.692721670934699, 0.8879441421254801], "vgg19": [1.3740267695599115, 0.6663132202304738, 0.8729193341869398], "vgg16": [1.3887954935832152, 0.6650328104993598, 0.871398847631242], "densenet201": [1.0362320369092817, 0.7546814980793854, 0.926576504481434], "densenet121": [1.1558569512889265, 0.727112676056338, 0.9103513124199744], "nasnetlarge": [0.838641572567168, 0.8161211587708067, 0.9561659731113956], "inceptionv3": [1.0278381492355875, 0.7626840588988476, 0.930297695262484], "xception": [0.975348176441791, 0.775208066581306, 0.9375], "densenet169": [1.1135771570681916, 0.7466989436619719, 0.9226152368758003]}