{"inceptionresnetv2": [16.101972135477883, 0.0010003201024327785, 1.0], "resnet50": [12.456997586884054, 0.0017805697823303458, 0.008462708066581306], "nasnetmobile": [7.485687531216044, 0.0010003201024327785, 0.0053417093469910375], "mobilenet": [8.868253365979458, 0.0010003201024327785, 0.005001600512163892], "vgg19": [7.281952265740662, 0.0010003201024327785, 0.0048415492957746475], "vgg16": [7.246213669355639, 0.001300416133162612, 0.005641805377720871], "densenet201": [15.964115749705922, 0.001020326504481434, 0.004881562099871959], "densenet121": [7.229347397514861, 0.00140044814340589, 0.006282010243277849], "nasnetlarge": [4.707041952277268, 0.239776728553137, 0.40008802816901406], "inceptionv3": [7.527795088275904, 0.000700224071702945, 0.0050816261203585145], "xception": [2.6001508699947067, 0.49655889884763127, 0.725252080665813], "densenet169": [7.3179088982058245, 0.0009603072983354673, 0.005001600512163892]}