{"inceptionresnetv2": [0.8990903499413392, 0.7906330025608195, 0.945922695262484], "resnet50": [1.2452819793844039, 0.7025248079385403, 0.8969070102432779], "nasnetmobile": [1.165642981874195, 0.7286331626120358, 0.9102312740076824], "mobilenet": [1.3209106772565657, 0.6895006402048656, 0.8854433418693982], "vgg19": [1.3756985727711921, 0.6650128040973111, 0.8728993277848912], "vgg16": [1.3919126675315154, 0.6642325544174136, 0.8714988796414853], "densenet201": [1.045866329065511, 0.7518205825864277, 0.9251360435339309], "densenet121": [1.1605595974168155, 0.726592509603073, 0.9101912612035852], "nasnetlarge": [0.8388439331981192, 0.8160611395646606, 0.956266005121639], "inceptionv3": [1.027800502720624, 0.7622239116517285, 0.9304777528809219], "xception": [0.9759716457197212, 0.7747879321382842, 0.9376600512163893], "densenet169": [1.1285765288962903, 0.7438980473751601, 0.9210347311139565]}