{"inceptionresnetv2": [0.9001029099071834, 0.7908130601792573, 0.9454425416133163], "resnet50": [1.270442333630502, 0.698243437900128, 0.8940060819462228], "nasnetmobile": [1.1664286084120161, 0.7287331946222791, 0.9104713508322664], "mobilenet": [1.3792281949107992, 0.6766965428937259, 0.8779209346991037], "vgg19": [1.3809262396584094, 0.6649127720870679, 0.8722591229193342], "vgg16": [1.4125489948195775, 0.6598711587708067, 0.868437900128041], "densenet201": [1.0813071880007827, 0.7451784571062741, 0.9203345070422535], "densenet121": [1.193225384598047, 0.7186299615877081, 0.904969590268886], "nasnetlarge": [0.8395077481617849, 0.8159411011523687, 0.9562459987195903], "inceptionv3": [1.0261497504045656, 0.7626240396927016, 0.9303577144686299], "xception": [0.9764534572709385, 0.7751080345710627, 0.9377000640204866], "densenet169": [1.1674641683678622, 0.7351152368758003, 0.9157130281690141]}