{"inceptionresnetv2": [0.9116185265909237, 0.7836707746478874, 0.9422415172855314], "resnet50": [1.3592226928846478, 0.6788572343149808, 0.880981914212548], "nasnetmobile": [1.1702745750680013, 0.727812900128041, 0.9095310499359796], "mobilenet": [1.44249417221653, 0.6623919654289373, 0.8687780089628682], "vgg19": [6.805127167671194, 0.006782170294494239, 0.02640845070422535], "vgg16": [6.5153601673287405, 0.022867317541613315, 0.06934218950064021], "densenet201": [1.0738706109847362, 0.7394566261203586, 0.918794014084507], "densenet121": [1.1651354304272754, 0.7208906850192062, 0.9078905249679897], "nasnetlarge": [0.8310891829059005, 0.8152008642765685, 0.9560659411011524], "inceptionv3": [1.046638515328323, 0.7556217989756722, 0.9265164852752881], "xception": [0.9792773505713357, 0.7747679257362355, 0.9370998719590269], "densenet169": [1.149018427855532, 0.7293934058898848, 0.9143926056338029]}