{"inceptionresnetv2": [16.101972135477883, 0.0010003201024327785, 0.9107714468629962], "resnet50": [15.059150684810936, 0.0022207106274007684, 0.12187900128040974], "nasnetmobile": [8.012118642369856, 0.0011003521126760564, 0.004981594110115237], "mobilenet": [8.535141627400847, 0.0010003201024327785, 0.004941581306017926], "vgg19": [1.9282655667098627, 0.5920694622279129, 0.8217629641485276], "vgg16": [1.7372980346752953, 0.6184178937259923, 0.8410291293213829], "densenet201": [15.429499256168224, 0.001440460947503201, 0.7022247119078106], "densenet121": [9.534619057834835, 0.013484314980793855, 0.04621478873239437], "nasnetlarge": [1.960199158719804, 0.6202584827144686, 0.8270446542893726], "inceptionv3": [10.520509975057253, 0.0014204545454545455, 0.0057818501920614595], "xception": [2.039598721395534, 0.5882282330345711, 0.8080385723431498], "densenet169": [9.92864274307036, 0.02154689500640205, 0.17495598591549297]}