{"inceptionresnetv2": [16.101955528601184, 0.0010003201024327785, 0.6714148527528809], "resnet50": [15.099883940399991, 0.002240717029449424, 0.1183378681177977], "nasnetmobile": [8.010898518043351, 0.001120358514724712, 0.004981594110115237], "mobilenet": [8.570354442742968, 0.0010003201024327785, 0.005001600512163892], "vgg19": [1.9077543236992576, 0.5923695582586428, 0.8228633162612036], "vgg16": [1.7231190056562729, 0.6195782650448144, 0.8419294174135723], "densenet201": [15.373239969016648, 0.0015004801536491678, 0.6954025288092189], "densenet121": [9.38328812583308, 0.014744718309859154, 0.04967589628681178], "nasnetlarge": [1.9542746040183054, 0.6204985595390525, 0.8275248079385403], "inceptionv3": [10.621009006085073, 0.0013604353393085787, 0.005881882202304738], "xception": [2.048915386810498, 0.5863676376440461, 0.8056778169014085], "densenet169": [9.552414657211791, 0.025388124199743917, 0.17361555697823303]}