{"inceptionresnetv2": [16.101972135477883, 0.0010003201024327785, 0.9960187259923176], "resnet50": [14.978273666469756, 0.002180697823303457, 0.11003521126760564], "nasnetmobile": [8.005410840355633, 0.001120358514724712, 0.004961587708066581], "mobilenet": [8.864438317038797, 0.0010003201024327785, 0.005001600512163892], "vgg19": [1.9729668662123736, 0.5880881882202305, 0.8184018886043534], "vgg16": [1.790168670319717, 0.6111555697823303, 0.836427656850192], "densenet201": [15.398244199618487, 0.0013604353393085787, 0.5838468309859155], "densenet121": [10.059724343723586, 0.009262964148527529, 0.03659170934699104], "nasnetlarge": [1.9593207482033899, 0.6215789052496798, 0.8288052176696543], "inceptionv3": [10.738565079839221, 0.0014204545454545455, 0.005841869398207427], "xception": [2.045278685346303, 0.587768085787452, 0.8084587067861716], "densenet169": [10.392588942670638, 0.015524967989756722, 0.18247839308578745]}