{"inceptionresnetv2": [0.923316935342039, 0.7800096030729834, 0.941101152368758], "resnet50": [1.417910189237851, 0.6666933418693982, 0.8727792893725992], "nasnetmobile": [1.1727802548915263, 0.727172695262484, 0.9093109795134443], "mobilenet": [1.5238251801336926, 0.647247119078105, 0.8595350512163893], "vgg19": [6.985491349052986, 0.0011003521126760564, 0.008822823303457107], "vgg16": [6.897936510215495, 0.002640845070422535, 0.011403649167733674], "densenet201": [1.0986565152295267, 0.7300136043533931, 0.9159531049935979], "densenet121": [1.1837447784774282, 0.7154289372599232, 0.9051096350832266], "nasnetlarge": [0.82837480323797, 0.8154209346991037, 0.9562860115236875], "inceptionv3": [1.0721101626925524, 0.750520166453265, 0.9227752880921894], "xception": [0.9806567227489359, 0.7748879641485276, 0.9371798975672215], "densenet169": [1.1735456907947603, 0.7202104673495519, 0.9103112996158771]}