{"inceptionresnetv2": [0.8966733492748685, 0.7904529449423816, 0.9453625160051217], "resnet50": [1.2371214696524544, 0.704865556978233, 0.8973471510883483], "nasnetmobile": [1.16564897797935, 0.7290933098591549, 0.9099911971830986], "mobilenet": [1.322669809133234, 0.6875800256081946, 0.8850232074263764], "vgg19": [2.2250828892564956, 0.6164372599231754, 0.8432698463508322], "vgg16": [2.2931571452474167, 0.6165973111395646, 0.8419094110115237], "densenet201": [1.0355508505687518, 0.7533810819462228, 0.9259763124199744], "densenet121": [1.1574878842974137, 0.7261923815620999, 0.9098111395646606], "nasnetlarge": [0.8364710545265109, 0.8162211907810499, 0.9562459987195903], "inceptionv3": [1.0216860144986997, 0.7618838028169014, 0.9306378040973111], "xception": [0.9751931040830405, 0.775208066581306, 0.9376400448143406], "densenet169": [1.111086874627884, 0.7444582266325224, 0.9218950064020487]}