{"inceptionresnetv2": [0.9021037998639057, 0.7868918053777209, 0.9440821062740077], "resnet50": [1.3065688059058294, 0.6900008002560819, 0.8883442701664532], "nasnetmobile": [1.168988071696859, 0.728393085787452, 0.9096310819462228], "mobilenet": [1.389020111969888, 0.675016005121639, 0.8765204865556978], "vgg19": [5.881501817520083, 0.07814500640204866, 0.19934379001280408], "vgg16": [5.5717506066785125, 0.15743037772087068, 0.33872839308578745], "densenet201": [1.061080642988984, 0.7443782010243278, 0.9217749679897568], "densenet121": [1.159416441308399, 0.7230113636363636, 0.9087107874519846], "nasnetlarge": [0.83354194057812, 0.8158210627400768, 0.9563260243277849], "inceptionv3": [1.0375337856374538, 0.7564220550576184, 0.9267165492957746], "xception": [0.9777626927164544, 0.7750080025608195, 0.9373399487836107], "densenet169": [1.1331462135846118, 0.734895166453265, 0.9173335467349552]}