{"inceptionresnetv2": [16.101972135477883, 0.0010003201024327785, 1.0], "resnet50": [13.180595850975047, 0.00158050576184379, 0.007182298335467349], "nasnetmobile": [7.502044418862473, 0.0010803457106274008, 0.005681818181818182], "mobilenet": [9.317766743951815, 0.0010003201024327785, 0.004821542893725992], "vgg19": [7.374886750869654, 0.0010003201024327785, 0.005001600512163892], "vgg16": [7.264639430101031, 0.0010003201024327785, 0.005021606914212548], "densenet201": [16.092793303476252, 0.0010003201024327785, 0.005001600512163892], "densenet121": [7.240904301901022, 0.0012403969270166453, 0.006942221510883482], "nasnetlarge": [5.489831222920046, 0.15104833546734955, 0.2690460947503201], "inceptionv3": [7.620224460596922, 0.0006802176696542894, 0.005021606914212548], "xception": [2.599158293306446, 0.4979593469910371, 0.7263524327784892], "densenet169": [9.488869454582888, 0.000700224071702945, 0.004321382842509603]}