{"inceptionresnetv2": [0.8967604611579343, 0.791473271446863, 0.9462427976952625], "resnet50": [1.2388377762023985, 0.7042853713188221, 0.8972271126760564], "nasnetmobile": [1.1653561450913072, 0.7290933098591549, 0.9100112035851472], "mobilenet": [1.3085211853517003, 0.6910011203585147, 0.8877640845070423], "vgg19": [1.3743316318253092, 0.6658130601792573, 0.8729593469910372], "vgg16": [1.3883373419850797, 0.6652128681177977, 0.8716589308578745], "densenet201": [1.0375677475398084, 0.7543213828425096, 0.9266765364916774], "densenet121": [1.1576290660264703, 0.7270726632522407, 0.9101512483994878], "nasnetlarge": [0.8385330882977584, 0.8163012163892446, 0.956205985915493], "inceptionv3": [1.0288219272174541, 0.7619238156209988, 0.9306578104993598], "xception": [0.9755321364472984, 0.7750880281690141, 0.9375200064020487], "densenet169": [1.1170829584137578, 0.7458586747759283, 0.9219950384122919]}