{"inceptionresnetv2": [16.101972135477883, 0.0010003201024327785, 1.0], "resnet50": [12.038893791228038, 0.0032210307298335466, 0.011023527528809219], "nasnetmobile": [7.474425889160508, 0.0010003201024327785, 0.005741837387964148], "mobilenet": [7.768551146938309, 0.0010003201024327785, 0.004941581306017926], "vgg19": [5.667996363206343, 0.04747519206145967, 0.15510963508322664], "vgg16": [5.130413878437194, 0.1133362676056338, 0.2650848271446863], "densenet201": [6.918073446588846, 0.0011603713188220231, 0.006302016645326505], "densenet121": [7.0367547803285335, 0.0020806658130601793, 0.0069822343149807935], "nasnetlarge": [3.7514740871253607, 0.34927176696542894, 0.5459947183098591], "inceptionv3": [7.306743864823853, 0.0008402688860435339, 0.004701504481434059], "xception": [2.567862891815078, 0.49817941741357236, 0.7260923495518566], "densenet169": [6.96679490537558, 0.0012804097311139564, 0.005861875800256082]}