{"inceptionresnetv2": [16.102294600727312, 0.000980313700384123, 0.9999799935979513], "resnet50": [11.92533292538378, 0.0032810499359795134, 0.011303617157490398], "nasnetmobile": [7.473253988273318, 0.0010003201024327785, 0.005521766965428937], "mobilenet": [7.758092236732551, 0.0010003201024327785, 0.005001600512163892], "vgg19": [4.636067435622368, 0.29221350832266324, 0.5318501920614597], "vgg16": [3.9281910128233224, 0.4002880921895006, 0.6556097951344431], "densenet201": [6.917561163517638, 0.0010603393085787452, 0.006922215108834827], "densenet121": [7.025753573174666, 0.0020806658130601793, 0.0072223111395646605], "nasnetlarge": [3.736813627345614, 0.3515124839948784, 0.5478953265044815], "inceptionv3": [7.227647491362275, 0.0008202624839948783, 0.004881562099871959], "xception": [2.535079493870656, 0.5023407490396927, 0.7306137964148528], "densenet169": [6.956826306488389, 0.0012203905249679897, 0.005921895006402049]}