{"inceptionresnetv2": [16.101972135477883, 0.0010003201024327785, 1.0], "resnet50": [11.96425912200107, 0.002240717029449424, 0.009783130601792573], "nasnetmobile": [7.474157665511558, 0.0010003201024327785, 0.0055417733674775925], "mobilenet": [8.392492620954135, 0.0010003201024327785, 0.005001600512163892], "vgg19": [7.315283705727239, 0.0010003201024327785, 0.005141645326504482], "vgg16": [7.34393225009249, 0.001020326504481434, 0.005201664532650448], "densenet201": [12.099158729084323, 0.0012403969270166453, 0.004761523687580025], "densenet121": [7.148532850946873, 0.0011603713188220231, 0.005621798975672215], "nasnetlarge": [4.270675462888847, 0.28627160691421255, 0.4678096991037132], "inceptionv3": [7.386680165875736, 0.0008202624839948783, 0.0044014084507042256], "xception": [2.576662623317538, 0.49815941101152367, 0.7263724391805377], "densenet169": [7.064325866870172, 0.0010003201024327785, 0.00542173495518566]}