{"inceptionresnetv2": [0.951008541979344, 0.7733474711907811, 0.9373599551856594], "resnet50": [1.536622561352201, 0.642425576184379, 0.8556538092189501], "nasnetmobile": [1.174502511717446, 0.7273527528809219, 0.9093709987195903], "mobilenet": [1.5784901358406613, 0.6360835467349552, 0.8515124839948783], "vgg19": [7.007651583638601, 0.0011403649167733676, 0.005661811779769526], "vgg16": [6.991329015446076, 0.0010003201024327785, 0.005741837387964148], "densenet201": [1.1340400350689124, 0.7201704545454546, 0.9108114596670934], "densenet121": [1.1950400968519888, 0.7103473111395646, 0.9006882202304738], "nasnetlarge": [0.8254953912064604, 0.8152608834827144, 0.9565060819462228], "inceptionv3": [1.110776226781547, 0.7423975672215108, 0.9186339628681178], "xception": [0.9800541584836688, 0.7749079705505761, 0.9371398847631242], "densenet169": [1.1994881029318298, 0.7123279449423816, 0.9060699423815621]}