{"inceptionresnetv2": [0.9050793365388154, 0.7893725992317542, 0.944822343149808], "resnet50": [1.3882391480263918, 0.6725952304737516, 0.8768205825864277], "nasnetmobile": [1.1688757292287144, 0.727812900128041, 0.9098711587708067], "mobilenet": [1.5131575364462087, 0.6498479513444302, 0.8589548655569782], "vgg19": [1.4143771681071244, 0.6565100832266325, 0.867917733674776], "vgg16": [1.4664180769505177, 0.6473471510883483, 0.8596150768245838], "densenet201": [1.1602308929119158, 0.727692861715749, 0.9106914212548015], "densenet121": [1.268305451326578, 0.7025848271446863, 0.8952264724711908], "nasnetlarge": [0.8405770305711084, 0.8158610755441741, 0.9562259923175416], "inceptionv3": [1.03129744067998, 0.760743437900128, 0.930237676056338], "xception": [0.9816754493151676, 0.775208066581306, 0.9371999039692702], "densenet169": [1.2323670787939494, 0.7222311139564661, 0.9080305697823303]}