{"inceptionresnetv2": [0.9008554900196236, 0.7906129961587708, 0.9454625480153649], "resnet50": [1.2923787104182909, 0.6932418373879642, 0.8893846030729834], "nasnetmobile": [1.1677012696156275, 0.7282130281690141, 0.9100112035851472], "mobilenet": [1.4492802399374, 0.663332266325224, 0.8686379641485276], "vgg19": [1.3953447472423353, 0.6606914212548015, 0.8711987836107554], "vgg16": [1.4280806785203737, 0.6564700704225352, 0.8656370038412292], "densenet201": [1.099342361951149, 0.7413172215108835, 0.9183338668373879], "densenet121": [1.2203543912357009, 0.7131882202304738, 0.9017285531370038], "nasnetlarge": [0.8401040307576464, 0.8158410691421255, 0.9560459346991037], "inceptionv3": [1.027688271524659, 0.7620838668373879, 0.9306578104993598], "xception": [0.9790619431628765, 0.7748479513444302, 0.937439980793854], "densenet169": [1.1747228179637357, 0.7353553137003841, 0.914552656850192]}