{"inceptionresnetv2": [16.101972135477883, 0.0010003201024327785, 0.9984995198463509], "resnet50": [12.097311459491255, 0.003100992317541613, 0.010903489116517286], "nasnetmobile": [7.474751729513406, 0.0010003201024327785, 0.005661811779769526], "mobilenet": [7.664189272745013, 0.0010003201024327785, 0.005021606914212548], "vgg19": [3.4816753299532412, 0.3721991037131882, 0.6204385403329066], "vgg16": [2.7785912976527487, 0.47935339308578745, 0.7258922855313701], "densenet201": [6.915450210913195, 0.0011003521126760564, 0.0072223111395646605], "densenet121": [7.028308517954261, 0.0020806658130601793, 0.007922535211267605], "nasnetlarge": [3.7496235807177047, 0.3499919974391805, 0.5458746798975672], "inceptionv3": [7.185980334629933, 0.0007602432778489117, 0.004701504481434059], "xception": [2.548879060336173, 0.5004001280409731, 0.7287131882202305], "densenet169": [6.943435101136661, 0.0016005121638924455, 0.007062259923175416]}