{"inceptionresnetv2": [16.101972135477883, 0.0010003201024327785, 0.993377880921895], "resnet50": [14.995486815058163, 0.0022207106274007684, 0.08982874519846351], "nasnetmobile": [8.012150644187585, 0.0012403969270166453, 0.005001600512163892], "mobilenet": [8.433493203298688, 0.0010003201024327785, 0.005021606914212548], "vgg19": [1.9492766104648116, 0.5913292253521126, 0.8202624839948783], "vgg16": [1.7548815769056352, 0.6167373559539052, 0.8402888924455826], "densenet201": [15.450679787600391, 0.0012604033290653008, 0.639404609475032], "densenet121": [9.705015177610742, 0.011143565941101153, 0.041893405889884765], "nasnetlarge": [1.9493220530154611, 0.6222191101152369, 0.8287852112676056], "inceptionv3": [10.779381874123548, 0.0014804737516005122, 0.005681818181818182], "xception": [2.0496875835289265, 0.5861475672215108, 0.8063780409731114], "densenet169": [9.917102007188198, 0.020886683738796416, 0.17649647887323944]}