{"inceptionresnetv2": [16.100819432628597, 0.0010003201024327785, 0.9512844110115237], "resnet50": [12.055549142913232, 0.0031810179257362355, 0.010983514724711908], "nasnetmobile": [7.474156435870025, 0.0010003201024327785, 0.005641805377720871], "mobilenet": [7.643688770934043, 0.0010003201024327785, 0.005001600512163892], "vgg19": [3.150960246365751, 0.3789612676056338, 0.6263004161331626], "vgg16": [2.4913295119733725, 0.48623559539052497, 0.7335747439180538], "densenet201": [6.913151524894216, 0.0017805697823303458, 0.006922215108834827], "densenet121": [7.037161938206945, 0.001960627400768246, 0.00772247119078105], "nasnetlarge": [3.7585319526369534, 0.34887163892445583, 0.5445742637644047], "inceptionv3": [7.190512961828449, 0.0008202624839948783, 0.0048415492957746475], "xception": [2.469237565688989, 0.5127040653008963, 0.7396967029449424], "densenet169": [6.940041035299265, 0.0016805377720870679, 0.006842189500640205]}