{"inceptionresnetv2": [16.101409218528055, 0.000980313700384123, 0.9252760883482715], "resnet50": [12.028846866495325, 0.003261043533930858, 0.010663412291933419], "nasnetmobile": [7.474567332127336, 0.0010003201024327785, 0.005621798975672215], "mobilenet": [7.6979623512482975, 0.0010003201024327785, 0.005001600512163892], "vgg19": [3.158955805432934, 0.38088188220230473, 0.628601152368758], "vgg16": [2.4988728842570445, 0.4869358194622279, 0.734895166453265], "densenet201": [6.913384149993427, 0.0015004801536491678, 0.007062259923175416], "densenet121": [7.034750898119429, 0.002040653008962868, 0.007742477592829706], "nasnetlarge": [3.756369670740926, 0.34903169014084506, 0.5449143725992317], "inceptionv3": [7.1913768100372195, 0.0008002560819462228, 0.004881562099871959], "xception": [2.5550117063766558, 0.4996398847631242, 0.727632842509603], "densenet169": [6.941312029175508, 0.001720550576184379, 0.006462067861715749]}