{"inceptionresnetv2": [0.8974148222792622, 0.7911731754161332, 0.946042733674776], "resnet50": [1.2393385890046094, 0.7044654289372599, 0.8968870038412292], "nasnetmobile": [1.1653879126879683, 0.7287532010243278, 0.9102112676056338], "mobilenet": [1.3034864087874087, 0.692721670934699, 0.8879441421254801], "vgg19": [1.3740267866552258, 0.6663132202304738, 0.8729193341869398], "vgg16": [1.3887954694666111, 0.6650328104993598, 0.871398847631242], "densenet201": [1.036232054844098, 0.7546814980793854, 0.926576504481434], "densenet121": [1.1558569493428084, 0.727112676056338, 0.9103513124199744], "nasnetlarge": [0.8386415738073415, 0.8161211587708067, 0.9561659731113956], "inceptionv3": [1.0278382430308608, 0.762724071702945, 0.930297695262484], "xception": [0.9753481759075624, 0.775208066581306, 0.9375], "densenet169": [1.1135771563431671, 0.7466989436619719, 0.9226152368758003]}