{"inceptionresnetv2": [0.8971534757165384, 0.7911731754161332, 0.9461027528809219], "resnet50": [1.2395479964538358, 0.7049055697823303, 0.8971670934699104], "nasnetmobile": [1.1654793017194458, 0.728913252240717, 0.9101112355953905], "mobilenet": [1.303956900302335, 0.692901728553137, 0.8879441421254801], "vgg19": [1.373455154911046, 0.6660331306017926, 0.8729793533930857], "vgg16": [1.3901880165220986, 0.6650728233034571, 0.8714188540332907], "densenet201": [1.0366438811170307, 0.754241357234315, 0.9263764404609475], "densenet121": [1.1564915678565237, 0.7270726632522407, 0.9103112996158771], "nasnetlarge": [0.838597859867709, 0.8162211907810499, 0.9561859795134443], "inceptionv3": [1.0284067257265734, 0.7623839628681178, 0.9303777208706786], "xception": [0.9754271672874041, 0.7750480153649167, 0.9376200384122919], "densenet169": [1.114185488483512, 0.7462387964148528, 0.9225352112676056]}