{"inceptionresnetv2": [16.101972135477883, 0.0010003201024327785, 1.0], "resnet50": [15.10910695402021, 0.0019806338028169014, 0.23561539692701663], "nasnetmobile": [8.019882121556241, 0.001200384122919334, 0.0048415492957746475], "mobilenet": [9.403922106636625, 0.0010003201024327785, 0.0053217029449423815], "vgg19": [2.208843017967654, 0.5580585787451985, 0.7962147887323944], "vgg16": [2.0500629435122852, 0.5713428297055058, 0.8051576504481434], "densenet201": [15.782282239496327, 0.0012604033290653008, 0.713288252240717], "densenet121": [10.218243209409042, 0.008342669654289373, 0.03129001280409731], "nasnetlarge": [1.9743832152875835, 0.62023847631242, 0.8264244558258643], "inceptionv3": [11.281891511436003, 0.0013204225352112676, 0.006101952624839949], "xception": [2.1645045326247563, 0.5686419654289373, 0.7941341229193342], "densenet169": [10.389888044203442, 0.011683738796414853, 0.15821062740076824]}