{"inceptionresnetv2": [0.9043284234484699, 0.7887524007682458, 0.9450224071702945], "resnet50": [1.6818771801898482, 0.6182178297055058, 0.8352272727272727], "nasnetmobile": [1.1735257492633238, 0.7271927016645326, 0.9102312740076824], "mobilenet": [1.7609455390104716, 0.6025728233034571, 0.8267245518565941], "vgg19": [1.5726289114939875, 0.6233194622279129, 0.8457506402048656], "vgg16": [1.6714764399961992, 0.6075544174135723, 0.8322063060179258], "densenet201": [1.2481204475849752, 0.7099671895006402, 0.8995878681177977], "densenet121": [1.4158307100227638, 0.6714348591549296, 0.8761203585147247], "nasnetlarge": [0.8415156223366416, 0.8155009603072984, 0.9567061459667093], "inceptionv3": [1.0492293022658852, 0.7577624839948783, 0.9279769526248399], "xception": [0.9869521485400718, 0.7743477912932138, 0.936739756722151], "densenet169": [1.3083801787732963, 0.706085947503201, 0.8988876440460948]}