{"inceptionresnetv2": [0.897558248760453, 0.7912532010243278, 0.9460027208706786], "resnet50": [1.2403759198518478, 0.704225352112676, 0.8969470230473752], "nasnetmobile": [1.1654488586280471, 0.728913252240717, 0.9100912291933418], "mobilenet": [1.3036108526011283, 0.6930017605633803, 0.8879241357234315], "vgg19": [1.3726142299923183, 0.6658530729833547, 0.8730993918053778], "vgg16": [1.3884636078234978, 0.6648727592829705, 0.872039052496799], "densenet201": [1.036228570757999, 0.7546214788732394, 0.9264964788732394], "densenet121": [1.1559126863635303, 0.7269126120358514, 0.9103913252240717], "nasnetlarge": [0.8385976370562359, 0.8159611075544174, 0.9561859795134443], "inceptionv3": [1.0276238978595953, 0.7625840268886044, 0.9306778169014085], "xception": [0.9753665902321531, 0.7750880281690141, 0.9375], "densenet169": [1.114230989951941, 0.7461987836107554, 0.9224351792573624]}