{"inceptionresnetv2": [16.101972135477883, 0.0010003201024327785, 1.0], "resnet50": [11.981569212011125, 0.0024407810499359793, 0.010803457106274008], "nasnetmobile": [7.475494008668711, 0.0010003201024327785, 0.00546174775928297], "mobilenet": [8.307934403266858, 0.0009403008962868117, 0.005001600512163892], "vgg19": [7.475554615831558, 0.001020326504481434, 0.006121959026888604], "vgg16": [7.583141621187921, 0.0010603393085787452, 0.009202944942381563], "densenet201": [7.5948212216971935, 0.0009403008962868117, 0.004981594110115237], "densenet121": [7.10592421801539, 0.0018005761843790013, 0.0069822343149807935], "nasnetlarge": [3.997003182558946, 0.31828185019206146, 0.5090228873239436], "inceptionv3": [7.226040039721891, 0.0008602752880921895, 0.00474151728553137], "xception": [2.64157824693355, 0.48675576184379, 0.7155489756722151], "densenet169": [7.042670750587454, 0.000980313700384123, 0.005221670934699104]}