{"inceptionresnetv2": [16.101972135477883, 0.0010003201024327785, 1.0], "resnet50": [12.045438921558414, 0.00298095390524968, 0.011503681177976953], "nasnetmobile": [7.4731599200855605, 0.0010003201024327785, 0.005901888604353393], "mobilenet": [7.955214287346365, 0.0010003201024327785, 0.005021606914212548], "vgg19": [6.81225451372955, 0.006822183098591549, 0.030189660691421254], "vgg16": [6.672295095978565, 0.015144846350832266, 0.04087307938540333], "densenet201": [6.934480186003271, 0.0010603393085787452, 0.005661811779769526], "densenet121": [7.0578945809534055, 0.0022207106274007684, 0.006902208706786171], "nasnetlarge": [3.776160542699347, 0.34543053777208704, 0.5417533610755442], "inceptionv3": [7.253765794898118, 0.0010803457106274008, 0.004761523687580025], "xception": [2.6464361076013074, 0.4852752880921895, 0.7142685659411011], "densenet169": [6.983033964789631, 0.0010603393085787452, 0.005821862996158771]}