{"inceptionresnetv2": [16.101972135477883, 0.0010003201024327785, 0.9999599871959027], "resnet50": [15.143738193487541, 0.002100672215108835, 0.19996398847631242], "nasnetmobile": [8.011715344979729, 0.0012604033290653008, 0.004941581306017926], "mobilenet": [8.916096625651655, 0.001300416133162612, 0.00542173495518566], "vgg19": [2.0103137019959667, 0.5838068181818182, 0.8164212548015365], "vgg16": [1.8327832099875476, 0.6070342509603073, 0.8322063060179258], "densenet201": [15.589135261564952, 0.001720550576184379, 0.6529289372599232], "densenet121": [10.138032690968922, 0.009423015364916774, 0.03481113956466069], "nasnetlarge": [1.9672312339655722, 0.6204585467349552, 0.8279849551856594], "inceptionv3": [10.814842106896082, 0.001440460947503201, 0.006001920614596671], "xception": [2.1046678319325367, 0.5775848271446863, 0.8006962227912933], "densenet169": [9.970527741728915, 0.01684539052496799, 0.15721030729833546]}