{"inceptionresnetv2": [16.101972135477883, 0.0010003201024327785, 1.0], "resnet50": [15.083021138297457, 0.002100672215108835, 0.24001680537772088], "nasnetmobile": [8.018449434092346, 0.001020326504481434, 0.004821542893725992], "mobilenet": [9.899052878805984, 0.0010003201024327785, 0.005021606914212548], "vgg19": [2.400339738202309, 0.5297095070422535, 0.7734475032010243], "vgg16": [2.22292813860958, 0.5425336107554417, 0.78229033290653], "densenet201": [15.975702621567418, 0.001020326504481434, 0.8414892765685019], "densenet121": [10.510097014003465, 0.006662131882202305, 0.027468790012804098], "nasnetlarge": [1.9948506340021972, 0.617917733674776, 0.8249639884763125], "inceptionv3": [10.8862353531255, 0.0014804737516005122, 0.0055617797695262485], "xception": [2.2056471950418666, 0.5626200384122919, 0.7890725032010243], "densenet169": [10.745409330546321, 0.010463348271446862, 0.19550256081946224]}