{"inceptionresnetv2": [16.101972135477883, 0.0010003201024327785, 0.7024447823303457], "resnet50": [15.069728852539454, 0.0022007042253521128, 0.12029849551856595], "nasnetmobile": [8.009334571535547, 0.0010603393085787452, 0.004981594110115237], "mobilenet": [8.488892264616474, 0.0010003201024327785, 0.005001600512163892], "vgg19": [1.9135319115105114, 0.5919094110115237, 0.8219030089628682], "vgg16": [1.7271641608847546, 0.6196782970550576, 0.8418093790012804], "densenet201": [15.41401846857596, 0.0014604673495518567, 0.7087267925736236], "densenet121": [9.396848992409993, 0.014784731113956466, 0.04929577464788732], "nasnetlarge": [1.954708235211928, 0.6207186299615877, 0.8275848271446863], "inceptionv3": [10.515602196071884, 0.0013604353393085787, 0.005881882202304738], "xception": [2.061970543311897, 0.5843069782330346, 0.8036771766965429], "densenet169": [9.738020708252618, 0.023827624839948783, 0.17459587067861715]}