{"inceptionresnetv2": [16.101972135477883, 0.0010003201024327785, 1.0], "resnet50": [15.069833346426716, 0.0020206466069142125, 0.20284491037131883], "nasnetmobile": [8.018307422095774, 0.0010003201024327785, 0.00474151728553137], "mobilenet": [10.109048368378271, 0.0010003201024327785, 0.00528169014084507], "vgg19": [2.6791704134507612, 0.48039372599231756, 0.7306137964148528], "vgg16": [2.5481076263435063, 0.48651568501920617, 0.7371358834827144], "densenet201": [16.010611916321036, 0.0010603393085787452, 0.9009282970550576], "densenet121": [10.384438767475904, 0.005641805377720871, 0.02384763124199744], "nasnetlarge": [2.0315519649149056, 0.6145366517285531, 0.8210827464788732], "inceptionv3": [11.417604802970544, 0.001300416133162612, 0.005381722151088349], "xception": [2.207950701481554, 0.5634803137003841, 0.7896526888604354], "densenet169": [11.934613739482572, 0.005581786171574904, 0.26430457746478875]}