{"inceptionresnetv2": [0.8999336866349478, 0.7908730793854033, 0.9455025608194623], "resnet50": [1.253701116531973, 0.7008842829705506, 0.8963268245838668], "nasnetmobile": [1.1662756489272612, 0.7286531690140845, 0.9103112996158771], "mobilenet": [1.3393097877807716, 0.684419014084507, 0.8839228553137004], "vgg19": [1.378257850449766, 0.6643125800256082, 0.8729793533930857], "vgg16": [1.3994826495876385, 0.662231914212548, 0.8694982394366197], "densenet201": [1.0572835795781677, 0.7497599231754162, 0.923095390524968], "densenet121": [1.17344343753844, 0.7230713828425096, 0.9078705185659411], "nasnetlarge": [0.839160008177104, 0.8160811459667093, 0.9561659731113956], "inceptionv3": [1.0268889171060618, 0.7619438220230473, 0.930757842509603], "xception": [0.9755772160277935, 0.7750880281690141, 0.9376200384122919], "densenet169": [1.1552625197759816, 0.7383362676056338, 0.9174335787451985]}