{"inceptionresnetv2": [0.8949605107078479, 0.7896927016645326, 0.9455425736235595], "resnet50": [1.245134288499969, 0.7026248399487837, 0.8959066901408451], "nasnetmobile": [1.1659425921385176, 0.7284130921895007, 0.9101512483994878], "mobilenet": [1.3368828621014437, 0.6853793213828425, 0.883362676056338], "vgg19": [3.875534569866068, 0.5321502880921894, 0.7774487836107554], "vgg16": [3.9789473195387366, 0.5409130921895007, 0.7824103713188221], "densenet201": [1.0393351440850964, 0.7513804417413572, 0.9242357554417413], "densenet121": [1.1589344853246715, 0.7250520166453265, 0.9094310179257362], "nasnetlarge": [0.8361340247562081, 0.8162812099871959, 0.9562259923175416], "inceptionv3": [1.0239185639746515, 0.7606434058898848, 0.9300776248399488], "xception": [0.9765800816148863, 0.7750680217669654, 0.9376200384122919], "densenet169": [1.1086304317515883, 0.7427776888604354, 0.9215949103713188]}