{"xception": [0.9752823365131251, 0.7746721049264236, 0.9371401151631478], "vgg16": [1.4824264325435086, 0.6613283749200256, 0.8688619641714651], "vgg19": [1.470205818279691, 0.660888515674984, 0.870821337172105], "resnet50": [1.289534028626678, 0.6913987523992322, 0.8903150991682661], "inceptionv3": [1.0426755396700484, 0.7618162188099808, 0.9294425783749201], "inceptionresnetv2": [0.8978269477437416, 0.7910868522072937, 0.9455974088291746], "mobilenetv2": [1.3559971644149251, 0.6911588291746641, 0.8897552783109405], "densenet121": [1.5986810935207154, 0.7193698016634676, 0.9093490083173384], "densenet169": [1.5623626588478503, 0.7422424824056302, 0.9214451375559821], "densenet201": [1.8476560369410426, 0.7489403390914907, 0.9250239923224568], "nasnetmobile": [1.17324365178744, 0.7286268394113884, 0.9101687460012796], "nasnetlarge": [1.0456128537426068, 0.8152191298784389, 0.9554942418426103]}