{"inceptionresnetv2": [0.9019754491603329, 0.7912131882202305, 0.9457626440460948], "resnet50": [1.2401487182792414, 0.7045654609475032, 0.897127080665813], "nasnetmobile": [1.1683777692070692, 0.7289932778489117, 0.9102712868117798], "vgg19": [1.3743267276833517, 0.6651128361075545, 0.8728193021766966], "vgg16": [1.3883839177108452, 0.6639724711907811, 0.8719390204865557], "densenet201": [1.0358207436438254, 0.7546414852752881, 0.9258762804097311], "densenet121": [1.1573417216119632, 0.7258522727272727, 0.9097111075544174], "nasnetlarge": [0.8429065458905834, 0.816101152368758, 0.956145966709347], "inceptionv3": [1.0324393550885624, 0.7628040973111395, 0.9302176696542894], "xception": [0.9818425826089178, 0.7752880921895007, 0.9376600512163893], "densenet169": [1.1122818841824305, 0.7453985275288092, 0.922455185659411]}