{"inceptionresnetv2": [0.949008024723368, 0.7904529449423816, 0.9449423815620999], "resnet50": [1.2455493943639357, 0.7016445262483995, 0.8952864916773368], "nasnetmobile": [1.201807415668546, 0.727872919334187, 0.9089308578745199], "vgg19": [1.432505030943398, 0.6525088028169014, 0.8675176056338029], "vgg16": [1.4582144911096893, 0.6514084507042254, 0.8644166133162612], "densenet201": [1.0357305143462558, 0.7514204545454546, 0.9242357554417413], "densenet121": [1.1690434815025819, 0.7204505441741357, 0.9069102112676056], "nasnetlarge": [0.8857322430641185, 0.8159611075544174, 0.9559258962868118], "inceptionv3": [1.074685322108861, 0.7618037772087067, 0.9295574583866837], "xception": [1.037370687486573, 0.7744478233034571, 0.9368998079385403], "densenet169": [1.1129098057975841, 0.7426176376440461, 0.9203745198463509]}