{"inceptionresnetv2": [0.9601601920115658, 0.7904129321382842, 0.9446022727272727], "resnet50": [1.2486362484750002, 0.7007042253521126, 0.894806338028169], "nasnetmobile": [1.2028524375755565, 0.7280929897567221, 0.9096310819462228], "vgg19": [6.9263944729647475, 0.0010003201024327785, 0.005001600512163892], "vgg16": [6.926282581690789, 0.0010003201024327785, 0.005001600512163892], "densenet201": [1.035206472866056, 0.7538612355953905, 0.9255961907810499], "densenet121": [1.157168309758781, 0.7250120038412292, 0.9093709987195903], "nasnetlarge": [1.0112896986715925, 0.8157210307298336, 0.9552656850192062], "inceptionv3": [1.102051990514528, 0.7612035851472471, 0.9288172215108835], "xception": [0.9949898029487967, 0.7749679897567221, 0.9374599871959027], "densenet169": [1.111692616064936, 0.7454585467349552, 0.9221750960307298]}