{"inceptionresnetv2": [0.9072212123535048, 0.7907530409731114, 0.945862676056338], "resnet50": [1.2404158581692186, 0.7039652688860435, 0.896666933418694], "nasnetmobile": [1.1713578373613491, 0.7284330985915493, 0.9100312099871959], "vgg19": [6.971940913059953, 0.0010003201024327785, 0.005001600512163892], "vgg16": [6.976921757418428, 0.0010003201024327785, 0.005001600512163892], "densenet201": [1.0357971741280085, 0.7547815300896287, 0.9262564020486556], "densenet121": [1.1563279011338072, 0.7261523687580026, 0.9101112355953905], "nasnetlarge": [0.8653413192029189, 0.8162011843790012, 0.956266005121639], "inceptionv3": [1.0403093564754564, 0.7627840909090909, 0.9299375800256082], "xception": [0.9793154506463553, 0.7751480473751601, 0.9377000640204866], "densenet169": [1.1129824995765614, 0.7468189820742638, 0.9227352752880922]}