{"inceptionresnetv2": [1.3562133175615465, 0.7863116197183099, 0.9400608194622279], "resnet50": [1.2870911234624864, 0.6896806978233034, 0.8878441101152369], "nasnetmobile": [1.8690311711820538, 0.7197703265044815, 0.8989076504481434], "vgg19": [4.99367759719243, 0.26874599871959026, 0.47697263124199746], "vgg16": [5.05246293560033, 0.2659851152368758, 0.48075384122919335], "densenet201": [1.075059594479169, 0.7368758002560819, 0.9168533930857875], "densenet121": [1.2522479062196388, 0.6937019846350833, 0.8942661651728553], "nasnetlarge": [1.334200657665653, 0.8146806978233034, 0.9533850832266325], "inceptionv3": [1.4022967140744804, 0.7575424135723432, 0.9232354353393086], "xception": [1.5954238051183702, 0.7666053137003841, 0.9305577784891165], "densenet169": [1.1519672511176478, 0.7222511203585147, 0.9100312099871959]}