{"xception": [0.9752825770100492, 0.7746721049264236, 0.9371401151631478], "vgg16": [1.4824367788306276, 0.6613483685220729, 0.8689219449776072], "vgg19": [1.4701992336062384, 0.6609285028790787, 0.8708013435700576], "resnet50": [1.2895345760894295, 0.6913987523992322, 0.8903350927703135], "inceptionv3": [1.042675672426715, 0.7617762316058861, 0.9294425783749201], "inceptionresnetv2": [0.897826716036882, 0.791106845809341, 0.9455974088291746], "mobilenetv2": [1.3559971910139268, 0.6911588291746641, 0.8897552783109405], "densenet121": [1.5986808818346099, 0.7193698016634676, 0.9093490083173384], "densenet169": [1.562362100592959, 0.7422424824056302, 0.9214451375559821], "densenet201": [1.8476591751656315, 0.7489403390914907, 0.9250639795265515], "nasnetmobile": [1.1732434543828054, 0.7286268394113884, 0.9101687460012796], "nasnetlarge": [1.0456134150292122, 0.8152191298784389, 0.9554942418426103]}