{"xception": [0.9764336566473533, 0.774932021753039, 0.9369401791426744], "vgg16": [6.978666923630337, 0.0009996801023672425, 0.004998400511836212], "vgg19": [6.978584056623609, 0.0009996801023672425, 0.004998400511836212], "resnet50": [1.2900701935521623, 0.6915387076135636, 0.8903350927703135], "inceptionv3": [1.0475098539146184, 0.7617562380038387, 0.9296625079974408], "inceptionresnetv2": [0.9007372980650159, 0.7910868522072937, 0.9456373960332694], "mobilenetv2": [1.3594535535638788, 0.6911188419705694, 0.889315419065899], "densenet121": [1.6122988198555515, 0.718170185540627, 0.9086492322456814], "densenet169": [1.5954351225344705, 0.7399832053742802, 0.9204454574536148], "densenet201": [1.9018202357694878, 0.747680742162508, 0.9237643953934741], "nasnetmobile": [1.1751598803873484, 0.7284269033909149, 0.9102087332053743], "nasnetlarge": [1.0772766471862487, 0.8153390914907229, 0.9554542546385156]}