{"xception": [0.9752834554063305, 0.7746721049264236, 0.9371401151631478], "vgg16": [1.4818082647070394, 0.6611684261036468, 0.8684620921305183], "vgg19": [1.469497388017841, 0.6608085412667947, 0.8707613563659629], "resnet50": [1.2895371770523179, 0.6914387396033269, 0.8903150991682661], "inceptionv3": [1.0426729323481874, 0.7617962252079334, 0.9294825655790148], "inceptionresnetv2": [0.8978286697859956, 0.7910668586052463, 0.945617402431222], "mobilenetv2": [1.3559859305601125, 0.6912388035828535, 0.8897752719129879], "densenet121": [1.5986922029799098, 0.7194097888675623, 0.9093490083173384], "densenet169": [1.5623712956485882, 0.7421425143953935, 0.921325175943698], "densenet201": [1.847723223693235, 0.7491602687140115, 0.9250639795265515], "nasnetmobile": [1.17324353928987, 0.7286668266154831, 0.9101687460012796], "nasnetlarge": [1.0456278427663097, 0.8152191298784389, 0.9554942418426103]}