{"xception": [0.975282338934683, 0.7746721049264236, 0.9371401151631478], "vgg16": [1.4824265061817485, 0.6613283749200256, 0.8688619641714651], "vgg19": [1.4702058228177286, 0.660888515674984, 0.870821337172105], "resnet50": [1.2895340250801446, 0.6913987523992322, 0.8903150991682661], "inceptionv3": [1.0426758236501434, 0.7617762316058861, 0.9294425783749201], "inceptionresnetv2": [0.89782691512898, 0.791106845809341, 0.9455974088291746], "mobilenetv2": [1.3559971910139268, 0.6911588291746641, 0.8897552783109405], "densenet121": [1.5986811050755507, 0.7193698016634676, 0.9093290147152912], "densenet169": [1.562362733553864, 0.7422424824056302, 0.9214451375559821], "densenet201": [1.8476561447861708, 0.7489403390914907, 0.9250239923224568], "nasnetmobile": [1.173243665363418, 0.7286268394113884, 0.9101687460012796], "nasnetlarge": [1.045612859100542, 0.8152191298784389, 0.9554942418426103]}