{"xception": [4.8103856540077095, 0.5687380038387716, 0.7593769993602048], "vgg16": [6.9239682374821205, 0.0009996801023672425, 0.004998400511836212], "vgg19": [6.923992825103584, 0.0009996801023672425, 0.004998400511836212], "resnet50": [2.0636144156495653, 0.5355286308381318, 0.7972648752399232], "inceptionv3": [5.426936467183529, 0.25853726807421623, 0.39807261676263594], "inceptionresnetv2": [5.722339524112294, 0.37026151631477927, 0.5325495841330774], "mobilenetv2": [6.12016291047851, 0.10876519513755598, 0.2144713691618682], "densenet121": [4.574731510263639, 0.3822176903390915, 0.610044785668586], "densenet169": [5.059604819127557, 0.3580654190658989, 0.566558701215611], "densenet201": [5.413661162211051, 0.34474968010236723, 0.5434460972488804], "nasnetmobile": [6.886919715049094, 0.0009996801023672425, 0.004998400511836212], "nasnetlarge": [6.906386307089739, 0.0009996801023672425, 0.004998400511836212]}