{"xception": [0.9758520376697536, 0.7749120281509917, 0.9371601087651952], "vgg16": [1.4642087087101916, 0.6641474728087012, 0.8703214971209213], "vgg19": [1.4481428353281565, 0.6644073896353166, 0.8725007997440819], "resnet50": [1.286734854629691, 0.6915786948176583, 0.8911348368522073], "inceptionv3": [1.0377099009007882, 0.762056142034549, 0.9293626039667306], "inceptionresnetv2": [0.8982798418820247, 0.7909269033909149, 0.9455174344209852], "mobilenetv2": [1.3556689943591524, 0.6911588291746641, 0.8898552463211772], "densenet121": [1.102350776308405, 0.7229086692258477, 0.9104886436340371], "densenet169": [1.0330397987205557, 0.7456214011516314, 0.9218650031989764], "densenet201": [0.9902940326330376, 0.7508997120921305, 0.9250439859245042], "nasnetmobile": [1.1708658924105835, 0.728606845809341, 0.9095689379398593], "nasnetlarge": [0.8523263365640446, 0.815519033909149, 0.9556541906589892]}