{"xception": [6.945701657085944, 0.0009996801023672425, 0.004998400511836212], "vgg16": [6.923161821951107, 0.0009996801023672425, 0.004998400511836212], "vgg19": [6.923941513093252, 0.0009996801023672425, 0.004998400511836212], "resnet50": [2.1738470493412443, 0.515015195137556, 0.784728886756238], "inceptionv3": [5.800945726481295, 0.20131557901471528, 0.3142794305822137], "inceptionresnetv2": [6.581415758785802, 0.09295025591810621, 0.1703854766474728], "mobilenetv2": [6.886949633758799, 0.0055382277671145235, 0.015275111964171466], "densenet121": [4.4060497358679696, 0.26985364683301344, 0.4696896992962252], "densenet169": [3.8067790574167146, 0.37711932181701857, 0.5923304542546385], "densenet201": [3.5709712856180458, 0.4330014395393474, 0.658049424184261], "nasnetmobile": [6.9077335837859035, 0.0009996801023672425, 0.004998400511836212], "nasnetlarge": [6.821221512094645, 0.05658189379398593, 0.1184021113243762]}