{"xception": [0.9758422176615215, 0.7748520473448497, 0.9370801343570058], "vgg16": [1.4642257355797086, 0.6642274472168906, 0.8702615163147792], "vgg19": [1.4481471728149775, 0.6643474088291746, 0.8724608125399872], "resnet50": [1.2867372377095738, 0.6915786948176583, 0.89111484325016], "inceptionv3": [1.0377088966216328, 0.761996161228407, 0.929382597568778], "inceptionresnetv2": [0.8982731522235516, 0.7908469289827256, 0.9454974408189379], "mobilenetv2": [1.3556792084711604, 0.6910988483685221, 0.8898952335252719], "densenet121": [1.1023050790899318, 0.7229486564299424, 0.9105086372360844], "densenet169": [1.0330218540329392, 0.745421465131158, 0.9218050223928342], "densenet201": [0.99029880632442, 0.7509796865003199, 0.9250239923224568], "nasnetmobile": [1.1708621617432824, 0.7286468330134357, 0.9095489443378119], "nasnetlarge": [0.8523248390211787, 0.8154990403071017, 0.9556541906589892]}