{"xception": [0.9758421884312206, 0.7748520473448497, 0.9370801343570058], "vgg16": [1.464225557356863, 0.6642074536148432, 0.8702615163147792], "vgg19": [1.4481477284004347, 0.664367402431222, 0.8724608125399872], "resnet50": [1.2867369592494866, 0.6915986884197057, 0.89111484325016], "inceptionv3": [1.0377090031225102, 0.761996161228407, 0.929382597568778], "inceptionresnetv2": [0.8982732781445606, 0.7908469289827256, 0.9454974408189379], "mobilenetv2": [1.3556787981982423, 0.6910788547664747, 0.8898952335252719], "densenet121": [1.1023053109683978, 0.7229486564299424, 0.9105286308381318], "densenet169": [1.0330224851252403, 0.745421465131158, 0.9218250159948816], "densenet201": [0.9902995370628738, 0.7509796865003199, 0.9250239923224568], "nasnetmobile": [1.1708620938252579, 0.7286468330134357, 0.9095489443378119], "nasnetlarge": [0.8523249846959984, 0.8154990403071017, 0.9556541906589892]}