{"inceptionresnetv2": [0.90856319891048, 0.7912532010243278, 0.9457226312419974], "resnet50": [1.2996984416673798, 0.6884403008962868, 0.8898447503201025], "nasnetmobile": [1.1818883242932232, 0.7288932458386683, 0.909911171574904], "vgg19": [6.958420022043772, 0.0010003201024327785, 0.005001600512163892], "vgg16": [6.9606550228275195, 0.0010003201024327785, 0.005001600512163892], "densenet201": [1.6753265418865921, 0.7449783930857875, 0.9220350512163893], "densenet121": [1.3754512765725047, 0.7177696862996159, 0.9069902368758003], "nasnetlarge": [1.160130578752669, 0.8157010243277849, 0.9558058578745199], "inceptionv3": [1.06094142798425, 0.7619038092189501, 0.9294574263764405], "xception": [0.9800592712609625, 0.7751680537772087, 0.9372999359795134], "densenet169": [1.3853485113374708, 0.7386763764404609, 0.9193341869398207]}