{"inceptionresnetv2": [3.9820665910210407, 0.7369158130601793, 0.8974671895006402], "resnet50": [1.8162171388099808, 0.5747839308578745, 0.8254241357234315], "nasnetmobile": [6.653710376285255, 0.054877560819462226, 0.12137884122919335], "vgg19": [6.926203765270805, 0.0010003201024327785, 0.005001600512163892], "vgg16": [6.926176203350404, 0.0010003201024327785, 0.005001600512163892], "densenet201": [4.710182047836606, 0.480193661971831, 0.7144286171574904], "densenet121": [3.5161342552163077, 0.5257082266325224, 0.7733474711907811], "nasnetlarge": [6.908599710952915, 0.0010003201024327785, 0.005001600512163892], "inceptionv3": [4.1582450236309505, 0.5180257682458387, 0.7262323943661971], "xception": [2.8736968469375532, 0.742217509603073, 0.9107714468629962], "densenet169": [4.1351573825950965, 0.5044814340588989, 0.7433578745198464]}