{"inceptionresnetv2": [1.2997152367260942, 0.7865917093469911, 0.9407610435339309], "resnet50": [1.3883974294770847, 0.6648127400768246, 0.8767205505761844], "nasnetmobile": [1.6396044752204006, 0.7230113636363636, 0.9016285211267606], "vgg19": [6.926203765270805, 0.0010003201024327785, 0.005001600512163892], "vgg16": [6.926176203350404, 0.0010003201024327785, 0.005001600512163892], "densenet201": [2.827612116455879, 0.6920814660691421, 0.8928056978233034], "densenet121": [1.8955239883305626, 0.6825784250960307, 0.8898447503201025], "nasnetlarge": [3.603212338098338, 0.8048175416133163, 0.9456626120358514], "inceptionv3": [1.5268407642230792, 0.7558018565941101, 0.9209947183098591], "xception": [1.0758975528838846, 0.7735875480153649, 0.9365596991037132], "densenet169": [2.330004208906054, 0.687439980793854, 0.8927256722151088]}