{"inceptionresnetv2": [0.9255995527386818, 0.7909731113956466, 0.9454625480153649], "resnet50": [1.3048935056343274, 0.6864396606914213, 0.8883842829705506], "nasnetmobile": [1.1954415713588347, 0.7286931818181818, 0.9094510243277849], "vgg19": [6.940124265668334, 0.0010003201024327785, 0.005001600512163892], "vgg16": [6.935854822664346, 0.0010003201024327785, 0.005001600512163892], "densenet201": [1.8542456384962867, 0.7393766005121639, 0.9193541933418694], "densenet121": [1.4198483368727675, 0.7154089308578745, 0.9053096991037132], "nasnetlarge": [1.338539156123099, 0.8150008002560819, 0.9551256402048656], "inceptionv3": [1.087770044631903, 0.7615436939820742, 0.929077304737516], "xception": [0.9856792022491997, 0.7753281049935979, 0.9374599871959027], "densenet169": [1.4927900230151896, 0.7336347631241997, 0.9161131562099872]}