{"inceptionresnetv2": [1.0339957538052498, 0.7888324263764405, 0.9433018565941101], "resnet50": [1.3365858872438974, 0.678557138284251, 0.8833426696542894], "nasnetmobile": [1.2806868745483906, 0.7277128681177977, 0.9081706145966709], "vgg19": [6.926203765270805, 0.0010003201024327785, 0.005001600512163892], "vgg16": [6.926176203350404, 0.0010003201024327785, 0.005001600512163892], "densenet201": [2.3506446338798876, 0.7195502560819462, 0.9085107234314981], "densenet121": [1.5920934986595003, 0.7022047055057619, 0.9009883162612036], "nasnetlarge": [2.158275568531051, 0.8134803137003841, 0.9519646286811779], "inceptionv3": [1.223879640752619, 0.7593429897567221, 0.925536171574904], "xception": [1.011451417768658, 0.7744278169014085, 0.9373199423815621], "densenet169": [1.8600670780018258, 0.7137684058898848, 0.9075104033290653]}