{"inceptionresnetv2": [1.7242490011964962, 0.7843109795134443, 0.9388404289372599], "resnet50": [1.4661602840380845, 0.6472871318822023, 0.8672375160051217], "nasnetmobile": [2.7933095189887034, 0.7037852112676056, 0.8780409731113956], "vgg19": [6.926203765270805, 0.0010003201024327785, 0.005001600512163892], "vgg16": [6.926176203350404, 0.0010003201024327785, 0.005001600512163892], "densenet201": [3.3272094447237275, 0.6522487195902689, 0.8718189820742638], "densenet121": [2.289373772092421, 0.6509082906530089, 0.8705585787451985], "nasnetlarge": [5.226087091826904, 0.748259443021767, 0.9064900768245838], "inceptionv3": [2.0276273102827473, 0.7456386043533931, 0.9142925736235595], "xception": [1.2201517696340929, 0.7723271446862996, 0.9347391165172856], "densenet169": [2.7903577711304384, 0.6536691741357235, 0.8714788732394366]}