{"inceptionresnetv2": [1.1471034761580248, 0.787992157490397, 0.942381562099872], "resnet50": [1.3597092782260514, 0.6729953585147247, 0.8801016325224071], "nasnetmobile": [1.400720236625012, 0.7257122279129321, 0.9059098911651728], "vgg19": [6.926203765270805, 0.0010003201024327785, 0.005001600512163892], "vgg16": [6.926176203350404, 0.0010003201024327785, 0.005001600512163892], "densenet201": [2.5964612352558043, 0.7069062099871959, 0.9011283610755442], "densenet121": [1.7311585960711773, 0.6944822343149808, 0.8956065941101152], "nasnetlarge": [2.806883205067028, 0.8107794494238156, 0.9498839628681178], "inceptionv3": [1.3532148585887327, 0.7581426056338029, 0.9231954225352113], "xception": [1.0365634709215041, 0.7743677976952625, 0.9368998079385403], "densenet169": [2.0877679684861215, 0.7041053137003841, 0.9019886363636364]}