{"inceptionresnetv2": [6.209328110178363, 0.2219910371318822, 0.33898847631241996], "resnet50": [1.994813292455429, 0.5427736875800256, 0.803957266325224], "nasnetmobile": [6.9099468525484795, 0.0010003201024327785, 0.005001600512163892], "vgg19": [6.928713293295359, 0.0010003201024327785, 0.005001600512163892], "vgg16": [6.928290470308897, 0.0010003201024327785, 0.005001600512163892], "densenet201": [2.8380552993541186, 0.514344590268886, 0.7522607234314981], "densenet121": [3.6119265799027858, 0.3594950384122919, 0.5945702624839949], "nasnetlarge": [6.745640900620425, 0.10657410371318822, 0.20258482714468629], "inceptionv3": [5.250492384735967, 0.27534811139564663, 0.42787692061459665], "xception": [6.947934403462233, 0.0010003201024327785, 0.005001600512163892], "densenet169": [3.02899917956351, 0.4674495838668374, 0.7077864916773368]}