{"inceptionresnetv2": [5.364707470550733, 0.49677896927016646, 0.6674335787451985], "resnet50": [1.8612857308338913, 0.5632002240717029, 0.8193822023047375], "nasnetmobile": [6.889027221865294, 0.0010003201024327785, 0.005001600512163892], "vgg19": [6.9357135866729305, 0.0010003201024327785, 0.005001600512163892], "vgg16": [6.933355369274809, 0.0010003201024327785, 0.005001600512163892], "densenet201": [2.3085626380544313, 0.5762243918053778, 0.8127800896286812], "densenet121": [2.934815844637789, 0.4390004801536492, 0.6910611395646606], "nasnetlarge": [6.387066788313178, 0.3078185019206146, 0.4731714148527529], "inceptionv3": [4.647393060249494, 0.4064300576184379, 0.591949423815621], "xception": [6.798646000374905, 0.01906610115236876, 0.033590749039692704], "densenet169": [2.3916901706428138, 0.5440140845070423, 0.7864916773367477]}