{"inceptionresnetv2": [4.331635241929761, 0.7090268886043534, 0.8723391485275288], "resnet50": [1.716127779167837, 0.5911491677336748, 0.8372279129321383], "nasnetmobile": [6.774648365992743, 0.02406770166453265, 0.06183978873239437], "vgg19": [6.946905595544969, 0.0010003201024327785, 0.005001600512163892], "vgg16": [6.945024510809768, 0.0010003201024327785, 0.005001600512163892], "densenet201": [1.8428677658570713, 0.6285211267605634, 0.8558138604353394], "densenet121": [2.3891328957108318, 0.5123439500640204, 0.7635643405889885], "nasnetlarge": [5.661151537058753, 0.6027128681177977, 0.7979353393085787], "inceptionv3": [3.896981521849443, 0.576904609475032, 0.7805497759282971], "xception": [6.365323565833547, 0.12421975032010243, 0.21903008962868117], "densenet169": [1.9095943083989024, 0.6068141805377721, 0.8381482074263764]}