{"inceptionresnetv2": [0.9521966124771499, 0.7905129641485276, 0.9450224071702945], "resnet50": [1.3041930863593207, 0.6865797055057619, 0.8887443982074263], "nasnetmobile": [1.2176815775841972, 0.7275128040973111, 0.9085307298335468], "vgg19": [1.4916295423321473, 0.6528889244558259, 0.8674575864276568], "vgg16": [1.519341002772926, 0.6518485915492958, 0.8649767925736236], "densenet201": [1.0365524540408473, 0.7462187900128041, 0.9219950384122919], "densenet121": [1.1743874620841803, 0.7166293213828425, 0.9050096030729834], "nasnetlarge": [0.9156105370283432, 0.8154409411011524, 0.9558658770806658], "inceptionv3": [1.0971061763438312, 0.7603233034571063, 0.928617157490397], "xception": [1.0395150467963286, 0.7742477592829705, 0.9369998399487837], "densenet169": [1.0963097244081363, 0.7408370678617158, 0.9186339628681178]}