{"inceptionresnetv2": [3.2146389766783474, 0.7667853713188221, 0.9243958066581306], "resnet50": [1.5874758191816938, 0.6190781049935979, 0.852872919334187], "nasnetmobile": [6.359187703737071, 0.14548655569782332, 0.27532810499359794], "vgg19": [6.95652568508202, 0.0010003201024327785, 0.005001600512163892], "vgg16": [6.957469142811246, 0.0010003201024327785, 0.005001600512163892], "densenet201": [1.48348007212833, 0.6715548975672215, 0.8813020166453265], "densenet121": [1.8717529623746567, 0.5850672215108835, 0.8258442701664532], "nasnetlarge": [4.509078393977674, 0.7845110435339309, 0.9293774007682458], "inceptionv3": [3.092920060652319, 0.6963628361075545, 0.8763004161331626], "xception": [5.299740603577617, 0.4421014724711908, 0.638304257362356], "densenet169": [1.5559262221967671, 0.6498079385403329, 0.8670374519846351]}