{"xception": [0.982369968392341, 0.7749920025591811, 0.9370801343570058], "vgg16": [1.4623856276597873, 0.6633277351247601, 0.8705414267434421], "vgg19": [1.4451220908076505, 0.6639875239923224, 0.8718210172744721], "resnet50": [1.2880462354105098, 0.6911188419705694, 0.8908349328214972], "inceptionv3": [1.0437609804073207, 0.7617362444017914, 0.9295025591810621], "inceptionresnetv2": [0.9029861762786018, 0.7911868202175304, 0.9454574536148432], "mobilenetv2": [1.3643996068017268, 0.6906389955214332, 0.8888755598208573], "densenet121": [1.1075399792392668, 0.7213091810620601, 0.9090091170825336], "densenet169": [1.0345559012638172, 0.7446417146513116, 0.9219649712092131], "densenet201": [0.9921457928605973, 0.7508197376839412, 0.9243841970569417], "nasnetmobile": [1.174768167947701, 0.7284269033909149, 0.9093490083173384], "nasnetlarge": [0.8586308282495536, 0.8155390275111964, 0.9557541586692259]}