{"inceptionresnetv2": [0.9171029447211804, 0.7913132202304738, 0.9455825864276568], "resnet50": [1.2968602129729243, 0.689240556978233, 0.8902448783610756], "nasnetmobile": [1.1873719495901225, 0.7281730153649167, 0.9096310819462228], "vgg19": [1.450894781058027, 0.6616717349551856, 0.8714988796414853], "vgg16": [1.47097373336897, 0.6609114916773368, 0.8693181818181818], "densenet201": [1.0348914650849588, 0.7492797695262484, 0.9222551216389244], "densenet121": [1.1663481453469406, 0.719850352112676, 0.9058698783610756], "nasnetlarge": [0.8763573441878629, 0.815460947503201, 0.956025928297055], "inceptionv3": [1.06069159389458, 0.7616037131882202, 0.9292373559539052], "xception": [1.0001975486625019, 0.774567861715749, 0.9372999359795134], "densenet169": [1.097052055183278, 0.742677656850192, 0.9202544814340589]}