{"inceptionresnetv2": [2.2695890287278404, 0.7802296734955185, 0.9360795454545454], "resnet50": [1.481969432588118, 0.6438460307298336, 0.8649367797695262], "nasnetmobile": [4.944040481625995, 0.5540172855313701, 0.7369558258642765], "vgg19": [6.9435430540775975, 0.0026808578745198463, 0.005481754161331626], "vgg16": [6.955763925816124, 0.0010003201024327785, 0.006902208706786171], "densenet201": [1.2446804623025327, 0.70416533290653, 0.8993878040973111], "densenet121": [1.5358478987491695, 0.6338628361075545, 0.8619558258642765], "nasnetlarge": [3.0702841439106705, 0.8054777528809219, 0.9457826504481434], "inceptionv3": [2.2979057206081825, 0.73541533290653, 0.907010243277849], "xception": [3.672613429809502, 0.7126280409731114, 0.8860435339308579], "densenet169": [1.3050761642590376, 0.68645966709347, 0.8910051216389244]}