{"xception": [0.9745867556855988, 0.774872040946897, 0.9372200895713372], "vgg16": [1.387942933933291, 0.6649072296865003, 0.8712212092130518], "vgg19": [1.3732521779553981, 0.6660268714011516, 0.8727607165706974], "resnet50": [1.2324462809569547, 0.7057541586692259, 0.8975327895073576], "inceptionv3": [1.0270288766040607, 0.7625159948816379, 0.9301623480486244], "inceptionresnetv2": [0.8965970453396869, 0.7910068777991043, 0.9459373000639796], "mobilenetv2": [1.3535990259125685, 0.690858925143954, 0.8896753039027511], "densenet121": [1.0864056207892685, 0.7286668266154831, 0.9128478886756238], "densenet169": [1.0404692842498164, 0.7477807101727447, 0.9231445937300063], "densenet201": [0.9801247425744416, 0.7567578374920025, 0.928222968650032], "nasnetmobile": [1.1643998285782924, 0.7282269673704415, 0.9100287907869482], "nasnetlarge": [0.838016827634261, 0.8159388995521433, 0.9558741202815099]}