{"xception": [1.9314618861911699, 0.7700535828534869, 0.9324816058861164], "vgg16": [16.081879383314135, 0.001719449776071657, 0.8293546065259118], "vgg19": [16.087191581115917, 0.0011796225207933461, 0.39553342930262314], "resnet50": [1.4967563078141106, 0.6398552463211772, 0.8617442418426103], "inceptionv3": [1.6864966816499458, 0.7464411388355726, 0.9135676583493282], "inceptionresnetv2": [1.4541967607276682, 0.7881877799104287, 0.9429582533589251], "mobilenetv2": [2.2767376561082484, 0.6444137875879719, 0.8499280230326296], "densenet121": [2.345275946633601, 0.6767834293026231, 0.8830974088291746], "densenet169": [2.277686386480594, 0.7087531989763276, 0.9031309980806143], "densenet201": [2.585638981100389, 0.7230686180422264, 0.9081493921944978], "nasnetmobile": [2.37524201686155, 0.7266274792066538, 0.9064299424184261], "nasnetlarge": [2.205286052390237, 0.8145993282149712, 0.9545545425463852]}