{"xception": [1.9314618962587489, 0.7700535828534869, 0.9324816058861164], "vgg16": [16.081820087713535, 0.001719449776071657, 0.8290347088931542], "vgg19": [16.08725470910832, 0.0011796225207933461, 0.39499360204734485], "resnet50": [1.4967575685686587, 0.6398552463211772, 0.8617442418426103], "inceptionv3": [1.6864961263314318, 0.7464411388355726, 0.9135876519513756], "inceptionresnetv2": [1.4541940423287572, 0.7881877799104287, 0.9429582533589251], "mobilenetv2": [2.2767376863872557, 0.6444137875879719, 0.8499280230326296], "densenet121": [2.3452761594256146, 0.6767834293026231, 0.8830974088291746], "densenet169": [2.2776842098242187, 0.7087731925783749, 0.9031309980806143], "densenet201": [2.585638237472383, 0.7230686180422264, 0.9081493921944978], "nasnetmobile": [2.375236525225929, 0.7266274792066538, 0.9064299424184261], "nasnetlarge": [2.2052796619943678, 0.8145993282149712, 0.9545545425463852]}