{"xception": [1.9313688891405336, 0.7700535828534869, 0.9324016314779271], "vgg16": [16.0836693159068, 0.001599488163787588, 0.7857885476647473], "vgg19": [16.082780922824423, 0.0013995521433141395, 0.17450415866922583], "resnet50": [1.4970129252013988, 0.6397952655150352, 0.8617042546385156], "inceptionv3": [1.6864401262994768, 0.7464411388355726, 0.9135676583493282], "inceptionresnetv2": [1.4540893666193566, 0.7882477607165707, 0.9429782469609725], "mobilenetv2": [2.2766888424973417, 0.6443338131797824, 0.8498080614203455], "densenet121": [2.3452219436051216, 0.6768434101087651, 0.8830374280230326], "densenet169": [2.277554373365904, 0.7086132437619962, 0.9031309980806143], "densenet201": [2.5854083214977654, 0.7230286308381318, 0.907989443378119], "nasnetmobile": [2.375044168147687, 0.7266674664107485, 0.9063499680102367]}