{"xception": [1.9334224946820728, 0.7699736084452975, 0.9325215930902111], "vgg16": [16.086070917389442, 0.0013595649392194498, 0.9006717850287908], "vgg19": [16.088617302863476, 0.0011396353166986564, 0.5504038707613563], "resnet50": [1.4747349357498203, 0.6421745041586693, 0.8649832053742802], "inceptionv3": [1.6834937493464006, 0.7439219449776072, 0.9127079334612924], "inceptionresnetv2": [1.4533608308299109, 0.7881078055022392, 0.9429582533589251], "mobilenetv2": [2.2753731966094946, 0.6444537747920666, 0.8497680742162508], "densenet121": [1.3060738125140288, 0.6864803262955854, 0.8879158669225847], "densenet169": [1.1494484425773241, 0.7184301023672425, 0.907469609724888], "densenet201": [1.1238537207865518, 0.7294465770953295, 0.9116482725527831], "nasnetmobile": [2.3559371148708608, 0.7259676903390915, 0.905550223928343], "nasnetlarge": [1.6479033817866637, 0.8141794625719769, 0.9549544145873321]}