{"xception": [1.9336693911543277, 0.7698936340371081, 0.9325215930902111], "vgg16": [16.08601174931151, 0.0013595649392194498, 0.900571817018554], "vgg19": [16.088651358738055, 0.0011396353166986564, 0.5604006717850288], "resnet50": [1.4744763997832095, 0.6422144913627639, 0.8650831733845169], "inceptionv3": [1.6835333640500665, 0.7439219449776072, 0.9127079334612924], "inceptionresnetv2": [1.4535086998478846, 0.7881078055022392, 0.9429582533589251], "mobilenetv2": [2.275442123794434, 0.6444937619961613, 0.8498280550223928], "densenet121": [1.3059056207146769, 0.6866202815099168, 0.8878958733205374], "densenet169": [1.1493276834335375, 0.7185900511836213, 0.9074296225207934], "densenet201": [1.1237981410760263, 0.7294065898912349, 0.911588291746641], "nasnetmobile": [2.3562045833352125, 0.7259676903390915, 0.9055702175303902], "nasnetlarge": [1.6483066920202967, 0.8141794625719769, 0.9549544145873321]}