{"xception": [1.9336693911543277, 0.7698936340371081, 0.9325215930902111], "vgg16": [16.08601166816072, 0.0013595649392194498, 0.9005918106206015], "vgg19": [16.088651514327914, 0.0011396353166986564, 0.5604006717850288], "resnet50": [1.4744763997832095, 0.6422144913627639, 0.8650831733845169], "inceptionv3": [1.6835327845922434, 0.7439419385796545, 0.9127079334612924], "inceptionresnetv2": [1.453508839421141, 0.788087811900192, 0.9429782469609725], "mobilenetv2": [2.2754423485989, 0.6444937619961613, 0.8498280550223928], "densenet121": [1.3059056207146769, 0.6866202815099168, 0.8878958733205374], "densenet169": [1.1493276834335375, 0.7185900511836213, 0.9074296225207934], "densenet201": [1.12379812019724, 0.7294065898912349, 0.911588291746641], "nasnetmobile": [2.3562045833352125, 0.7259676903390915, 0.9055702175303902], "nasnetlarge": [1.6483066920202967, 0.8141794625719769, 0.9549544145873321]}