{"xception": [1.933666466675122, 0.7698936340371081, 0.9325215930902111], "vgg16": [16.08602750842875, 0.0013595649392194498, 0.9006717850287908], "vgg19": [16.08864329125129, 0.0011396353166986564, 0.560300703774792], "resnet50": [1.4744787946086013, 0.6422144913627639, 0.8650831733845169], "inceptionv3": [1.6835325031576442, 0.7439419385796545, 0.9127079334612924], "inceptionresnetv2": [1.453506691213304, 0.788087811900192, 0.9429782469609725], "mobilenetv2": [2.2754409366209236, 0.6444737683941139, 0.8498280550223928], "densenet121": [1.305906465743035, 0.6866202815099168, 0.8878958733205374], "densenet169": [1.1493285389108225, 0.7185900511836213, 0.9074496161228407], "densenet201": [1.1237991976379509, 0.7294065898912349, 0.9115682981445937], "nasnetmobile": [2.3562045833352125, 0.7259676903390915, 0.9055702175303902], "nasnetlarge": [1.6483030916404358, 0.8141794625719769, 0.9549544145873321]}