{"inceptionresnetv2": [1.033995759166615, 0.7888324263764405, 0.9433018565941101], "resnet50": [1.3365859171034584, 0.678557138284251, 0.8833426696542894], "nasnetmobile": [1.2806868740904804, 0.7277128681177977, 0.9081706145966709], "vgg19": [6.926203775344829, 0.0010003201024327785, 0.005001600512163892], "vgg16": [6.926176200602943, 0.0010003201024327785, 0.005001600512163892], "densenet201": [2.3506446301402875, 0.7195502560819462, 0.9085107234314981], "densenet121": [1.592093499460843, 0.7022047055057619, 0.9009883162612036], "nasnetlarge": [2.158275565630953, 0.8134803137003841, 0.9519646286811779], "inceptionv3": [1.223879638692023, 0.7593429897567221, 0.925536171574904], "xception": [1.0114514184364436, 0.7744278169014085, 0.9373199423815621], "densenet169": [1.860067073880634, 0.7137684058898848, 0.9075104033290653]}