{"inceptionresnetv2": [0.901559000398377, 0.7913732394366197, 0.9458426696542894], "resnet50": [1.2966245609727924, 0.6889804737516005, 0.8907050256081946], "nasnetmobile": [1.1761408312372605, 0.7287532010243278, 0.9105313700384123], "vgg19": [6.980804701010182, 0.0010003201024327785, 0.005001600512163892], "vgg16": [6.980892020212093, 0.0010003201024327785, 0.005001600512163892], "densenet201": [1.5693057157318662, 0.7477992957746479, 0.9234755121638925], "densenet121": [1.3522263615751082, 0.7196102752880922, 0.9077504801536491], "nasnetlarge": [1.0778705844805885, 0.8155609795134443, 0.9557458386683739], "inceptionv3": [1.048312035016, 0.7621438860435339, 0.9298775608194623], "xception": [0.977195775959159, 0.7750880281690141, 0.9371798975672215], "densenet169": [1.3283170534157112, 0.7414172535211268, 0.920014404609475]}