{"inceptionresnetv2": [2.265679507646304, 0.7808898847631242, 0.9365997119078106], "resnet50": [1.3686474437292346, 0.6687139884763125, 0.8771206786171575], "nasnetmobile": [4.999887241749391, 0.5769246158770807, 0.7592029449423816], "vgg19": [6.944798357202821, 0.003241037131882202, 0.007622439180537772], "vgg16": [6.9567328415210055, 0.0016805377720870679, 0.006001920614596671], "densenet201": [1.1985219704051635, 0.7094870358514724, 0.9015885083226632], "densenet121": [1.4970832779984469, 0.640564980793854, 0.8634362996158771], "nasnetlarge": [2.981237060739808, 0.807558418693982, 0.9476432458386683], "inceptionv3": [2.221757393029832, 0.741577304737516, 0.9110515364916774], "xception": [3.6759587433213, 0.7134483034571063, 0.8853633162612036], "densenet169": [1.2807890177536254, 0.6891405249679897, 0.8944262163892446]}