{"inceptionresnetv2": [1.2997152348944534, 0.7865917093469911, 0.9407610435339309], "resnet50": [1.3883974854375276, 0.6648127400768246, 0.8767205505761844], "nasnetmobile": [1.6396044733887598, 0.7230113636363636, 0.9016285211267606], "vgg19": [6.926203775344829, 0.0010003201024327785, 0.005001600512163892], "vgg16": [6.926176200602943, 0.0010003201024327785, 0.005001600512163892], "densenet201": [2.827612113708418, 0.6920814660691421, 0.8928056978233034], "densenet121": [1.895523986498922, 0.6825784250960307, 0.8898447503201025], "nasnetlarge": [3.6032123379457013, 0.8048175416133163, 0.9456626120358514], "inceptionv3": [1.5268407641086017, 0.7558018565941101, 0.9209947183098591], "xception": [1.0758975533608743, 0.7735875480153649, 0.9365596991037132], "densenet169": [2.3300042051664542, 0.687439980793854, 0.8927256722151088]}