{"inceptionresnetv2": [1.7063336856233937, 0.7850312099871959, 0.9384002880921894], "resnet50": [1.3438245914351772, 0.6725752240717029, 0.8813820422535211], "nasnetmobile": [2.6726284851337976, 0.7075264084507042, 0.8873839628681178], "vgg19": [6.926184947908917, 0.0010003201024327785, 0.005001600512163892], "vgg16": [6.9261484078958, 0.0010003201024327785, 0.005001600512163892], "densenet201": [1.0469681524436696, 0.7452784891165173, 0.9212748079385403], "densenet121": [1.1735731651779937, 0.7174295774647887, 0.9061099551856594], "nasnetlarge": [3.180384863354027, 0.8077784891165173, 0.9467829705505761], "inceptionv3": [1.9078158069969597, 0.7498599551856594, 0.9172935339308579], "xception": [1.2193088442964835, 0.7723271446862996, 0.934419014084507], "densenet169": [1.1207615742686463, 0.7357754481434059, 0.9167933738796414]}