{"inceptionresnetv2": [0.914952028728783, 0.7905729833546735, 0.9455825864276568], "resnet50": [1.2420365865343512, 0.7039252560819462, 0.8964668693982074], "nasnetmobile": [1.177662955737755, 0.7284130921895007, 0.9100512163892446], "vgg19": [1.3823179644598087, 0.661471670934699, 0.8723591549295775], "vgg16": [1.3972692375146472, 0.6613916453265045, 0.8702184699103713], "densenet201": [1.0355571266096777, 0.7534210947503202, 0.9255161651728553], "densenet121": [1.1590184925002416, 0.7244318181818182, 0.9087307938540333], "nasnetlarge": [0.8552502202545025, 0.8162211907810499, 0.9559258962868118], "inceptionv3": [1.0447058699805667, 0.7626440460947503, 0.9296374839948783], "xception": [0.9987973696748975, 0.7748679577464789, 0.9373399487836107], "densenet169": [1.110722451409976, 0.7453585147247119, 0.9219150128040973]}