{"inceptionresnetv2": [1.0317836563352127, 0.7886323623559539, 0.9432818501920615], "resnet50": [1.3229503598774899, 0.6817981754161332, 0.8860635403329066], "nasnetmobile": [1.2933742474196968, 0.7267325544174136, 0.9069102112676056], "vgg19": [1.6750250705988856, 0.6234995198463509, 0.850832266325224], "vgg16": [1.7245415183554538, 0.6198783610755442, 0.8477512804097311], "densenet201": [1.0428906914595606, 0.7431378040973111, 0.9200544174135723], "densenet121": [1.186492513144978, 0.709747119078105, 0.9028489116517285], "nasnetlarge": [0.9980089085584414, 0.8150408130601793, 0.9552256722151088], "inceptionv3": [1.165730885293206, 0.7587227912932138, 0.927096670934699], "xception": [1.1230121088546918, 0.772707266325224, 0.9358194622279129], "densenet169": [1.1019897879925336, 0.7366357234314981, 0.9171534891165173]}