{"inceptionresnetv2": [4.929171360103788, 0.6063940460947503, 0.7718069782330346], "resnet50": [1.657622481430386, 0.605133642765685, 0.8452704865556978], "nasnetmobile": [6.791850144365533, 0.026708546734955187, 0.057778489116517284], "vgg19": [6.926203775344829, 0.0010003201024327785, 0.005001600512163892], "vgg16": [6.926176200602943, 0.0010003201024327785, 0.005001600512163892], "densenet201": [1.20353652351797, 0.7086267605633803, 0.9011483674775929], "densenet121": [1.323577409059229, 0.6769766325224071, 0.8845030409731114], "nasnetlarge": [6.840906873402614, 0.056598111395646605, 0.10583386683738796], "inceptionv3": [4.778444912308462, 0.37948143405889884, 0.565400928297055], "xception": [3.8575553982572273, 0.7018645966709347, 0.8762003841229193], "densenet169": [1.2550881517986634, 0.6938420294494239, 0.8969470230473752]}