{"inceptionresnetv2": [2.2847412438459798, 0.7796895006402048, 0.9361195582586428], "resnet50": [1.4086543063653416, 0.657350352112676, 0.8727392765685019], "nasnetmobile": [4.574431850418696, 0.6251600512163893, 0.8031970230473752], "vgg19": [6.926203775344829, 0.0010003201024327785, 0.005001600512163892], "vgg16": [6.926176200602943, 0.0010003201024327785, 0.005001600512163892], "densenet201": [1.0682610638544594, 0.7395366517285531, 0.9167533610755442], "densenet121": [1.1893794009230658, 0.710907490396927, 0.9033290653008963], "nasnetlarge": [4.666166752462351, 0.7898127400768246, 0.9303377080665813], "inceptionv3": [2.540896993898399, 0.7305337708066582, 0.9057898527528809], "xception": [1.5191055913282876, 0.7681458066581306, 0.9317181498079385], "densenet169": [1.138392067444004, 0.7274327784891165, 0.9124719910371318]}