{"inceptionresnetv2": [1.0269904667833551, 0.7885523367477593, 0.9433818822023048], "resnet50": [1.2527047802483073, 0.6985035211267606, 0.8939660691421255], "nasnetmobile": [1.2645897740896472, 0.726592509603073, 0.908050576184379], "vgg19": [1.6640165128414823, 0.6253201024327785, 0.8498719590268886], "vgg16": [1.719378123515394, 0.6214388604353394, 0.8464308578745199], "densenet201": [1.039920310624583, 0.7483794814340589, 0.9222151088348272], "densenet121": [1.1800445647154207, 0.7136483674775929, 0.9052496798975672], "nasnetlarge": [0.9540291816644876, 0.815520966709347, 0.9556258002560819], "inceptionv3": [1.135051346542588, 0.7610635403329066, 0.9280969910371318], "xception": [1.1213607753742671, 0.7730673815620999, 0.9358794814340589], "densenet169": [1.1190499582837088, 0.737516005121639, 0.9179737516005122]}