{"inceptionresnetv2": [4.318886586859651, 0.7093669974391805, 0.871398847631242], "resnet50": [1.5443830387845692, 0.6253801216389244, 0.8580345710627401], "nasnetmobile": [6.745924381837344, 0.03753201024327785, 0.08792813700384122], "vgg19": [6.948184125096788, 0.0010003201024327785, 0.005001600512163892], "vgg16": [6.946226639570561, 0.0010003201024327785, 0.005001600512163892], "densenet201": [1.5132068611595604, 0.6575904289372599, 0.8752800896286812], "densenet121": [2.0590050759297176, 0.5530169654289373, 0.796875], "nasnetlarge": [5.85399149993623, 0.5935299295774648, 0.7868117797695262], "inceptionv3": [3.8388074167864574, 0.5815460947503202, 0.79925576184379], "xception": [6.348488741739153, 0.131041933418694, 0.23001360435339308], "densenet169": [1.6337713119162487, 0.6329625480153649, 0.8563340268886044]}