{"inceptionresnetv2": [3.0675907687554744, 0.7689260563380281, 0.9266165172855314], "resnet50": [1.669309865497291, 0.6020726632522407, 0.843810019206146], "nasnetmobile": [6.041784486147872, 0.2557018245838668, 0.42715669014084506], "vgg19": [6.926203775344829, 0.0010003201024327785, 0.005001600512163892], "vgg16": [6.926176200602943, 0.0010003201024327785, 0.005001600512163892], "densenet201": [4.223405196327864, 0.557278329065301, 0.7922735275288092], "densenet121": [3.1195684837776017, 0.5745038412291933, 0.8172215108834827], "nasnetlarge": [6.769853426460725, 0.09757122279129321, 0.1938020166453265], "inceptionv3": [3.4498309527408146, 0.6590909090909091, 0.8477912932138284], "xception": [2.0570958036161415, 0.7598431498079385, 0.9245958706786171], "densenet169": [3.746902765598859, 0.559599071702945, 0.7996959026888605]}