{"inceptionresnetv2": [0.9000152136543802, 0.7913132202304738, 0.9458826824583867], "resnet50": [1.2398404030656387, 0.7040452944942381, 0.8968069782330346], "nasnetmobile": [1.1669899249656863, 0.7285331306017926, 0.9102112676056338], "vgg19": [6.951283453063379, 0.0023607554417413574, 0.007522407170294494], "vgg16": [6.957014674261194, 0.0014204545454545455, 0.008142605633802816], "densenet201": [1.036204152581939, 0.7546614916773368, 0.926756562099872], "densenet121": [1.1556912758667857, 0.7267125480153649, 0.9105513764404609], "nasnetlarge": [0.8460038503138265, 0.8160811459667093, 0.9561859795134443], "inceptionv3": [1.0313358597657745, 0.7627440781049936, 0.9299775928297055], "xception": [0.9765416144866796, 0.7749079705505761, 0.9376000320102432], "densenet169": [1.11319018593213, 0.746858994878361, 0.922635243277849]}