{"inceptionresnetv2": [1.0304582766930974, 0.7887524007682458, 0.9433818822023048], "resnet50": [1.259522554587463, 0.6975432138284251, 0.8925256081946222], "nasnetmobile": [1.2464635631644314, 0.7274327784891165, 0.90863076184379], "vgg19": [6.925644639512183, 0.0010003201024327785, 0.005001600512163892], "vgg16": [6.9256756137794175, 0.0010003201024327785, 0.005001600512163892], "densenet201": [1.0343755120351892, 0.7531209987195903, 0.924955985915493], "densenet121": [1.1586346429380352, 0.7244718309859155, 0.9090909090909091], "nasnetlarge": [1.1991415560321832, 0.8147207106274008, 0.9541853393085787], "inceptionv3": [1.1723706419275604, 0.7606233994878361, 0.9274767925736236], "xception": [1.0108695922374116, 0.7746678937259923, 0.9372199103713188], "densenet169": [1.109642150841663, 0.7443581946222791, 0.9217149487836107]}