{"inceptionresnetv2": [1.163667452320094, 0.7879121318822023, 0.9418213828425096], "resnet50": [1.2670816199117068, 0.6950624199743918, 0.8909651088348272], "nasnetmobile": [1.433037777792629, 0.7262323943661971, 0.9048695582586428], "vgg19": [2.678841839373951, 0.5300896286811779, 0.7795694622279129], "vgg16": [2.772428950030123, 0.528169014084507, 0.7753281049935979], "densenet201": [1.0542703599844332, 0.7430577784891165, 0.9191341229193342], "densenet121": [1.2093723942925163, 0.7045254481434059, 0.8993277848911652], "nasnetlarge": [1.0915185793871764, 0.8152608834827144, 0.9545654609475032], "inceptionv3": [1.2401425156184256, 0.7599631882202305, 0.9259563060179258], "xception": [1.2871324649693565, 0.7717669654289373, 0.9341989436619719], "densenet169": [1.1322929777500723, 0.7293133802816901, 0.9139724711907811]}