{"inceptionresnetv2": [0.9255995539025369, 0.7909731113956466, 0.9454625480153649], "resnet50": [1.3048935531043517, 0.6864396606914213, 0.8883842829705506], "nasnetmobile": [1.1954415715305509, 0.7286931818181818, 0.9094510243277849], "vgg19": [6.94012426444724, 0.0010003201024327785, 0.005001600512163892], "vgg16": [6.935854825717081, 0.0010003201024327785, 0.005001600512163892], "densenet201": [1.8542456353672336, 0.7393766005121639, 0.9193541933418694], "densenet121": [1.4198483377504287, 0.7154089308578745, 0.9053096991037132], "nasnetlarge": [1.3385391581073767, 0.8150008002560819, 0.9551256402048656], "inceptionv3": [1.0877700457957582, 0.7615436939820742, 0.929077304737516], "xception": [0.9856791997306936, 0.7753281049935979, 0.9374599871959027], "densenet169": [1.4927900248086712, 0.7336347631241997, 0.9161131562099872]}