{"inceptionresnetv2": [3.982066602926706, 0.7369158130601793, 0.8974671895006402], "resnet50": [1.8162171381231154, 0.5747839308578745, 0.8254241357234315], "nasnetmobile": [6.653710367127051, 0.054877560819462226, 0.12137884122919335], "vgg19": [6.926203775344829, 0.0010003201024327785, 0.005001600512163892], "vgg16": [6.926176200602943, 0.0010003201024327785, 0.005001600512163892], "densenet201": [4.710182054399986, 0.480193661971831, 0.7144286171574904], "densenet121": [3.516134248652928, 0.5257082266325224, 0.7733474711907811], "nasnetlarge": [6.908599724690221, 0.0010003201024327785, 0.005001600512163892], "inceptionv3": [4.158245025309955, 0.5180257682458387, 0.7262323943661971], "xception": [2.873696849837651, 0.742217509603073, 0.9107714468629962], "densenet169": [4.1351573796949985, 0.5044814340588989, 0.7433578745198464]}