{"inceptionresnetv2": [3.9926848493983895, 0.7350752240717029, 0.8951864596670934], "resnet50": [1.5751735610784856, 0.6194982394366197, 0.8543733994878361], "nasnetmobile": [6.574461411269771, 0.0941101152368758, 0.18645966709346992], "vgg19": [6.926203775344829, 0.0010003201024327785, 0.005001600512163892], "vgg16": [6.926176200602943, 0.0010003201024327785, 0.005001600512163892], "densenet201": [1.1451843489300122, 0.7208706786171575, 0.9073103393085787], "densenet121": [1.261957128130367, 0.689940781049936, 0.8926856594110115], "nasnetlarge": [6.603624956250648, 0.2237516005121639, 0.34481033930857874], "inceptionv3": [4.056727328465324, 0.5423935659411011, 0.7626840588988476], "xception": [2.876768501711563, 0.7423975672215108, 0.9118717989756722], "densenet169": [1.2037768995868716, 0.7069862355953905, 0.9028489116517285]}