{"inceptionresnetv2": [2.2695890352149015, 0.7802296734955185, 0.9360795454545454], "resnet50": [1.4819693659240245, 0.6438460307298336, 0.8649367797695262], "nasnetmobile": [4.944040426676771, 0.5540172855313701, 0.7369558258642765], "vgg19": [6.943543040340292, 0.0026808578745198463, 0.005481754161331626], "vgg16": [6.955763921237023, 0.0010003201024327785, 0.006902208706786171], "densenet201": [1.2446804630466368, 0.70416533290653, 0.8993878040973111], "densenet121": [1.535847899092602, 0.6338628361075545, 0.8619558258642765], "nasnetlarge": [3.0702841632955358, 0.8054777528809219, 0.9457826504481434], "inceptionv3": [2.2979057218292764, 0.73541533290653, 0.907010243277849], "xception": [3.6726134293515917, 0.7126280409731114, 0.8860435339308579], "densenet169": [1.3050761647169478, 0.68645966709347, 0.8910051216389244]}