{"inceptionresnetv2": [3.0608562055531596, 0.7699663892445583, 0.927336747759283], "resnet50": [1.4932148780163363, 0.6357034250960307, 0.8632762483994878], "nasnetmobile": [5.970224289521671, 0.3065580985915493, 0.4966189180537772], "vgg19": [6.926203775344829, 0.0010003201024327785, 0.005001600512163892], "vgg16": [6.926176200602943, 0.0010003201024327785, 0.005001600512163892], "densenet201": [1.1030127509150096, 0.7288532330345711, 0.9121919014084507], "densenet121": [1.217152586285497, 0.7007642445582587, 0.8982874519846351], "nasnetlarge": [5.919783522011223, 0.5621999039692702, 0.746979033290653], "inceptionv3": [3.2827886915390074, 0.6827784891165173, 0.8715989116517285], "xception": [2.062585113753735, 0.7597631241997439, 0.9245158450704225], "densenet169": [1.1632444444142291, 0.7185699423815621, 0.9078705185659411]}