{"inceptionresnetv2": [0.9626805258774116, 0.790132842509603, 0.9446822983354674], "resnet50": [1.3181295424661623, 0.6832986555697823, 0.8860435339308579], "nasnetmobile": [1.2235969216509146, 0.7285331306017926, 0.9089908770806658], "vgg19": [6.9261322980043065, 0.0010003201024327785, 0.005001600512163892], "vgg16": [6.925865029861313, 0.0010003201024327785, 0.005001600512163892], "densenet201": [2.0922720897823535, 0.73199423815621, 0.9152328745198464], "densenet121": [1.4904618138082506, 0.7107074263764405, 0.9036491677336748], "nasnetlarge": [1.6647411304002535, 0.8144206145966709, 0.9535451344430218], "inceptionv3": [1.1385319891568182, 0.761383642765685, 0.9278369078104993], "xception": [0.9957329067622196, 0.7750080025608195, 0.9370998719590269], "densenet169": [1.6545303131950955, 0.7259122919334187, 0.9125520166453265]}