{"inceptionresnetv2": [1.142364279942995, 0.7877720870678617, 0.9421214788732394], "resnet50": [1.2754036602534344, 0.6932618437900128, 0.8894646286811779], "nasnetmobile": [1.3401094114124088, 0.726592509603073, 0.9062900128040973], "vgg19": [6.925949438585972, 0.0010003201024327785, 0.005001600512163892], "vgg16": [6.926007065669217, 0.0010003201024327785, 0.005001600512163892], "densenet201": [1.0357321577478158, 0.751100352112676, 0.9244158130601793], "densenet121": [1.1597075741666532, 0.723631562099872, 0.9082706466069143], "nasnetlarge": [1.506724956093616, 0.8136203585147247, 0.9529649487836107], "inceptionv3": [1.2856085726302044, 0.7589628681177977, 0.9251760563380281], "xception": [1.0356123371863029, 0.7743477912932138, 0.936919814340589], "densenet169": [1.1117785157452167, 0.7428977272727273, 0.92083466709347]}