{"inceptionresnetv2": [4.9732177358278085, 0.604673495518566, 0.7694662291933418], "resnet50": [1.9193107303370283, 0.5598991677336748, 0.8146806978233034], "nasnetmobile": [6.853138250211748, 0.0016605313700384123, 0.005741837387964148], "vgg19": [6.926203775344829, 0.0010003201024327785, 0.005001600512163892], "vgg16": [6.926176200602943, 0.0010003201024327785, 0.005001600512163892], "densenet201": [5.041159248229941, 0.4202344750320102, 0.6430857874519846], "densenet121": [3.957010945040499, 0.4651088348271447, 0.7168093790012804], "nasnetlarge": [6.908599724690221, 0.0010003201024327785, 0.005001600512163892], "inceptionv3": [4.8771421350681825, 0.3451504481434059, 0.512483994878361], "xception": [3.8394634592395738, 0.7046254801536491, 0.8777408770806658], "densenet169": [4.575920983862785, 0.4353793213828425, 0.6736555697823303]}