{"inceptionresnetv2": [0.903807353958125, 0.791473271446863, 0.9456826184379001], "resnet50": [1.2935946297935579, 0.6897807298335468, 0.8914252560819462], "nasnetmobile": [1.1757549438983317, 0.7285531370038413, 0.9095910691421255], "vgg19": [1.445902874390386, 0.6640725032010243, 0.871979033290653], "vgg16": [1.4631604053910043, 0.6635323303457106, 0.870878681177977], "densenet201": [1.036074153859545, 0.7491597311139565, 0.9232954545454546], "densenet121": [1.1636926526830993, 0.7206306017925737, 0.9068902048655569], "nasnetlarge": [0.859243106750459, 0.8156610115236875, 0.9560459346991037], "inceptionv3": [1.0445642796811312, 0.7619838348271447, 0.9297575224071702], "xception": [0.9831302154537352, 0.7752480793854033, 0.9372999359795134], "densenet169": [1.0987432186185322, 0.7440781049935979, 0.9207146286811779]}