{"inceptionresnetv2": [6.153379382916205, 0.22701264404609475, 0.34611075544174136], "resnet50": [1.7370408132347956, 0.5915693021766966, 0.8358474711907811], "nasnetmobile": [6.899589628935166, 0.002140685019206146, 0.008162612035851472], "vgg19": [6.928789179090043, 0.0010003201024327785, 0.005001600512163892], "vgg16": [6.927860379066418, 0.0010003201024327785, 0.005001600512163892], "densenet201": [2.108083469156419, 0.5829465428937259, 0.8155409731113956], "densenet121": [2.9729134841093487, 0.4254361395646607, 0.6676736555697823], "nasnetlarge": [6.7592697693046935, 0.10755441741357234, 0.2106073943661972], "inceptionv3": [5.246331415164181, 0.2760683418693982, 0.42639644686299616], "xception": [6.903763702065325, 0.003861235595390525, 0.009503040973111396], "densenet169": [2.2801179714911117, 0.5429937580025608, 0.7817501600512163]}