{"inceptionresnetv2": [3.205962771184924, 0.7668053777208707, 0.9243958066581306], "resnet50": [1.447267792212673, 0.6491877400768246, 0.8684579065300896], "nasnetmobile": [6.3091302351518115, 0.18643966069142126, 0.337768085787452], "vgg19": [6.957356315568833, 0.0010003201024327785, 0.005001600512163892], "vgg16": [6.959753748396753, 0.0010003201024327785, 0.0051016325224071705], "densenet201": [1.328709420260333, 0.6848591549295775, 0.8908050576184379], "densenet121": [1.7346670596303464, 0.6024527848911652, 0.8365677016645326], "nasnetlarge": [4.611482608028319, 0.7866717349551856, 0.930417733674776], "inceptionv3": [2.998935392968328, 0.7046654929577465, 0.886443661971831], "xception": [5.310044531632935, 0.43589948783610755, 0.6247999359795134], "densenet169": [1.4314827382488227, 0.6635523367477593, 0.877960947503201]}