{"inceptionresnetv2": [2.3146028605679696, 0.7798695582586428, 0.935699423815621], "resnet50": [1.5661949004772835, 0.6243798015364916, 0.8555137644046095], "nasnetmobile": [4.652373436623743, 0.6026528489116517, 0.7802696862996159], "vgg19": [6.926203775344829, 0.0010003201024327785, 0.005001600512163892], "vgg16": [6.926176200602943, 0.0010003201024327785, 0.005001600512163892], "densenet201": [3.7787867685286245, 0.6078745198463509, 0.8393485915492958], "densenet121": [2.696813521098236, 0.6178377080665813, 0.8491917413572343], "nasnetlarge": [6.302322205752325, 0.37700064020486557, 0.5574383802816901], "inceptionv3": [2.688170015125055, 0.7241117157490397, 0.897187099871959], "xception": [1.5231267870159368, 0.7677856914212549, 0.9317981754161332], "densenet169": [3.2353918619558844, 0.6168974071702945, 0.8453104993597952]}