{"inceptionresnetv2": [1.1687736805056181, 0.7873719590268886, 0.9419214148527529], "resnet50": [1.3420289128293759, 0.6776768565941101, 0.882842509603073], "nasnetmobile": [1.4802637635974665, 0.7239316581306018, 0.9032690460947503], "vgg19": [2.6386325359344482, 0.5194262163892446, 0.7729873559539052], "vgg16": [2.7234367909107866, 0.514524647887324, 0.7687459987195903], "densenet201": [1.0542565891364166, 0.7389164532650448, 0.9188740396927016], "densenet121": [1.215329289131067, 0.7013644366197183, 0.8991477272727273], "nasnetlarge": [1.1533935214279556, 0.8150808258642765, 0.9539452624839949], "inceptionv3": [1.2798035360786888, 0.7576624519846351, 0.9238156209987196], "xception": [1.2899857447333587, 0.7714268565941101, 0.9340188860435339], "densenet169": [1.1140874787192034, 0.7308138604353394, 0.9131322023047375]}