{"inceptionresnetv2": [1.1471034785238943, 0.787992157490397, 0.942381562099872], "resnet50": [1.3597093372583084, 0.6729953585147247, 0.8801016325224071], "nasnetmobile": [1.4007202362434201, 0.7257122279129321, 0.9059098911651728], "vgg19": [6.926203775344829, 0.0010003201024327785, 0.005001600512163892], "vgg16": [6.926176200602943, 0.0010003201024327785, 0.005001600512163892], "densenet201": [2.5964612365532167, 0.7069062099871959, 0.9011283610755442], "densenet121": [1.731158595384312, 0.6944822343149808, 0.8956065941101152], "nasnetlarge": [2.8068832090355826, 0.8107794494238156, 0.9498839628681178], "inceptionv3": [1.3532148584360961, 0.7581426056338029, 0.9231954225352113], "xception": [1.0365634701010817, 0.7743677976952625, 0.9368998079385403], "densenet169": [2.0877679648991583, 0.7041053137003841, 0.9019886363636364]}