{"inceptionresnetv2": [6.209328117810199, 0.2219910371318822, 0.33898847631241996], "resnet50": [1.9948133700330493, 0.5427736875800256, 0.803957266325224], "nasnetmobile": [6.90994685438012, 0.0010003201024327785, 0.005001600512163892], "vgg19": [6.928713291158444, 0.0010003201024327785, 0.005001600512163892], "vgg16": [6.928290467866709, 0.0010003201024327785, 0.005001600512163892], "densenet201": [2.838055302330535, 0.514344590268886, 0.7522607234314981], "densenet121": [3.6119265800554223, 0.3594950384122919, 0.5945702624839949], "nasnetlarge": [6.745640904283706, 0.10657410371318822, 0.20258482714468629], "inceptionv3": [5.250492389620343, 0.27534811139564663, 0.42787692061459665], "xception": [6.947934401020045, 0.0010003201024327785, 0.005001600512163892], "densenet169": [3.028999181471469, 0.4674495838668374, 0.7077864916773368]}