{"inceptionresnetv2": [0.9238722174405747, 0.7907730473751601, 0.9454825544174136], "resnet50": [1.2434867989085854, 0.7023047375160051, 0.8958666773367477], "nasnetmobile": [1.1815800209662062, 0.7287732074263764, 0.9100512163892446], "vgg19": [6.941183637870564, 0.0010003201024327785, 0.005001600512163892], "vgg16": [6.939240629633319, 0.0010003201024327785, 0.005001600512163892], "densenet201": [1.0355298690087664, 0.7542813700384123, 0.9256562099871959], "densenet121": [1.1568492963891024, 0.7263124199743918, 0.9098111395646606], "nasnetlarge": [0.9119957605336295, 0.8158210627400768, 0.9555457746478874], "inceptionv3": [1.06076926305871, 0.7623639564660691, 0.9298175416133163], "xception": [0.9848614443813792, 0.7753080985915493, 0.9375800256081946], "densenet169": [1.1124921635690022, 0.7453585147247119, 0.9226152368758003]}