{"inceptionresnetv2": [3.2146390467386086, 0.7667853713188221, 0.9243958066581306], "resnet50": [1.5874758590962, 0.6190781049935979, 0.852872919334187], "nasnetmobile": [6.3591877000737895, 0.14548655569782332, 0.27532810499359794], "vgg19": [6.956525722020109, 0.0010003201024327785, 0.005001600512163892], "vgg16": [6.95746913609523, 0.0010003201024327785, 0.005001600512163892], "densenet201": [1.483480068541367, 0.6715548975672215, 0.8813020166453265], "densenet121": [1.8717529637865464, 0.5850672215108835, 0.8258442701664532], "nasnetlarge": [4.509078392756581, 0.7845110435339309, 0.9293774007682458], "inceptionv3": [3.092920060957592, 0.6963628361075545, 0.8763004161331626], "xception": [5.299740613041095, 0.4421014724711908, 0.638304257362356], "densenet169": [1.5559262216625385, 0.6498079385403329, 0.8670374519846351]}