{"inceptionresnetv2": [1.6017024654432388, 0.7854513444302177, 0.9392805697823303], "resnet50": [1.3097956833857733, 0.6833986875800256, 0.8850032010243278], "nasnetmobile": [2.7283106921729603, 0.7056258002560819, 0.8806017925736236], "vgg19": [6.416217719089054, 0.05247679257362356, 0.12127880921895007], "vgg16": [6.453933314080428, 0.04019286171574904, 0.11537692061459667], "densenet201": [1.105086625690802, 0.7277728873239436, 0.9117517605633803], "densenet121": [1.3173410846695552, 0.6782370358514724, 0.8849231754161332], "nasnetlarge": [1.714922603052801, 0.8131402048655569, 0.9523247439180538], "inceptionv3": [1.6186238545614382, 0.7546614916773368, 0.920774647887324], "xception": [2.1039725044472726, 0.759062900128041, 0.9237556017925737], "densenet169": [1.183810293674469, 0.7125080025608195, 0.9063700384122919]}