{"inceptionresnetv2": [0.9085632025356024, 0.7912532010243278, 0.9457226312419974], "resnet50": [1.299698500031851, 0.6884403008962868, 0.8898447503201025], "nasnetmobile": [1.1818883248846905, 0.7288932458386683, 0.909911171574904], "vgg19": [6.95842002448596, 0.0010003201024327785, 0.005001600512163892], "vgg16": [6.960655017027324, 0.0010003201024327785, 0.005001600512163892], "densenet201": [1.6753265424208208, 0.7449783930857875, 0.9220350512163893], "densenet121": [1.3754512785949413, 0.7177696862996159, 0.9069902368758003], "nasnetlarge": [1.1601305779513262, 0.8157010243277849, 0.9558058578745199], "inceptionv3": [1.06094142798425, 0.7619038092189501, 0.9294574263764405], "xception": [0.9800592720050665, 0.7751680537772087, 0.9372999359795134], "densenet169": [1.385348509734785, 0.7386763764404609, 0.9193341869398207]}