{"inceptionresnetv2": [1.6138472688335463, 0.7849911971830986, 0.9394606274007683], "resnet50": [1.3980506003742488, 0.662992157490397, 0.8759403008962868], "nasnetmobile": [2.697559474525012, 0.7042453585147247, 0.8788612355953905], "vgg19": [6.4368780694148295, 0.03759202944942382, 0.09344990396927016], "vgg16": [6.455247383264207, 0.03211027528809219, 0.10069222151088349], "densenet201": [1.1156169514955234, 0.7238116197183099, 0.9115917093469911], "densenet121": [1.324995580311774, 0.6750760243277849, 0.8847831306017926], "nasnetlarge": [1.8454957492220265, 0.8115396927016645, 0.9508642765685019], "inceptionv3": [1.67351587877994, 0.7519206145966709, 0.9173535531370038], "xception": [2.1125229913049717, 0.7586427656850192, 0.9240556978233034], "densenet169": [1.1733625578513982, 0.711547695262484, 0.9054497439180538]}