{"inceptionresnetv2": [0.9521965192542644, 0.7905129641485276, 0.9450224071702945], "resnet50": [1.30419314014469, 0.6865797055057619, 0.8887443982074263], "nasnetmobile": [1.2176815274430297, 0.7275128040973111, 0.9085307298335468], "vgg19": [1.4916293650827395, 0.6528889244558259, 0.8674575864276568], "vgg16": [1.519341014029885, 0.6518485915492958, 0.8649767925736236], "densenet201": [1.0365524553764187, 0.7462187900128041, 0.9219950384122919], "densenet121": [1.174387461397315, 0.7166293213828425, 0.9050096030729834], "nasnetlarge": [0.9156105354256575, 0.8154409411011524, 0.9558658770806658], "inceptionv3": [1.0971061750654985, 0.7603233034571063, 0.928617157490397], "xception": [1.039515045556155, 0.7742477592829705, 0.9369998399487837], "densenet169": [1.0963097215080384, 0.7408370678617158, 0.9186339628681178]}