{"inceptionresnetv2": [5.379034484394381, 0.4751320422535211, 0.6473471510883483], "resnet50": [1.6331650733795118, 0.60833466709347, 0.8488516325224071], "nasnetmobile": [6.867805092649179, 0.009423015364916774, 0.02356754161331626], "vgg19": [6.93701019970922, 0.0010003201024327785, 0.005001600512163892], "vgg16": [6.934537817970892, 0.0010003201024327785, 0.005001600512163892], "densenet201": [1.7739179657912896, 0.6229193341869398, 0.8499319782330346], "densenet121": [2.4755602627801836, 0.48913652368758004, 0.7409571062740077], "nasnetlarge": [6.488957914286478, 0.26902608834827146, 0.43365877080665816], "inceptionv3": [4.6246288863705916, 0.3916253201024328, 0.5922895326504481], "xception": [6.76964886454095, 0.02894926376440461, 0.051376440460947505], "densenet169": [1.9109147610035504, 0.5932898527528809, 0.828125]}