{"inceptionresnetv2": [1.292405199760359, 0.7865917093469911, 0.9409010883482715], "resnet50": [1.2928229961902018, 0.6858794814340589, 0.8870638604353394], "nasnetmobile": [1.5417775382763597, 0.7238716389244558, 0.9041293213828425], "vgg19": [6.926118452020858, 0.0010003201024327785, 0.005001600512163892], "vgg16": [6.926054744500662, 0.0010003201024327785, 0.005001600512163892], "densenet201": [1.0368064282874596, 0.7495398527528809, 0.9233154609475032], "densenet121": [1.1628747404613813, 0.7229113316261203, 0.9079305377720871], "nasnetlarge": [1.9455610086304278, 0.8121598911651728, 0.9511043533930857], "inceptionv3": [1.4461018678931359, 0.7561619718309859, 0.9233154609475032], "xception": [1.0746017059504451, 0.774167733674776, 0.9365997119078106], "densenet169": [1.1136468684016971, 0.741057138284251, 0.9202344750320103]}