{"inceptionresnetv2": [1.3650147380657904, 0.7865316901408451, 0.9401608514724712], "resnet50": [1.3685062034639903, 0.6711947823303457, 0.8783410691421255], "nasnetmobile": [1.908372672968729, 0.7178497119078106, 0.896086747759283], "vgg19": [4.991506752986151, 0.23929657490396927, 0.4454625480153649], "vgg16": [5.041574376188075, 0.23169414212548015, 0.44968389884763127], "densenet201": [1.0771974320600952, 0.7339948783610756, 0.9157930537772087], "densenet121": [1.2527265000740178, 0.6900008002560819, 0.8936659731113956], "nasnetlarge": [1.4224343744801804, 0.8138804417413572, 0.9528849231754162], "inceptionv3": [1.4472099076312575, 0.7555617797695262, 0.9207546414852753], "xception": [1.5994537049157977, 0.7667653649167734, 0.9307978553137004], "densenet169": [1.1376427123549653, 0.7211507682458387, 0.9098711587708067]}