{"inceptionresnetv2": [0.9171028946563315, 0.7913132202304738, 0.9455825864276568], "resnet50": [1.2968602120189447, 0.689240556978233, 0.8902448783610756], "nasnetmobile": [1.1873719081683287, 0.7281730153649167, 0.9096310819462228], "vgg19": [1.4508946410519823, 0.6616717349551856, 0.8714988796414853], "vgg16": [1.4709737448930436, 0.6609114916773368, 0.8693181818181818], "densenet201": [1.0348914634631934, 0.7492797695262484, 0.9222551216389244], "densenet121": [1.1663482040357651, 0.719850352112676, 0.9058698783610756], "nasnetlarge": [0.8763573418887721, 0.815460947503201, 0.956025928297055], "inceptionv3": [1.0606915934366699, 0.7616037131882202, 0.9292373559539052], "xception": [1.0001975507421774, 0.774567861715749, 0.9372999359795134], "densenet169": [1.0970520630536098, 0.742677656850192, 0.9202544814340589]}